Date,Open,High,Low,Close,Volume
2022/12/30 16:56, 14120.00, 14124.00, 14081.00, 14099.00, 15994
2022/12/30 18:52, 14099.00, 14132.00, 14090.00, 14125.00, 7972
2022/12/30 20:48, 14125.00, 14132.00, 14094.00, 14103.00, 7554
2022/12/30 22:44, 14103.00, 14110.00, 14067.00, 14086.00, 19532
2022/12/31 00:40, 14086.00, 14096.00, 14034.00, 14046.00, 29333
2022/12/31 02:36, 14046.00, 14054.00, 14005.00, 14029.00, 14399
2022/12/31 04:32, 14030.00, 14085.00, 14021.00, 14080.00, 8621
2022/12/31 05:00, 14082.00, 14130.00, 14080.00, 14100.00, 6832
2023/01/03 10:41, 14064.00, 14124.00, 13952.00, 14121.00, 110682
2023/01/03 12:37, 14122.00, 14227.00, 14107.00, 14224.00, 59892
2023/01/03 13:45, 14225.00, 14247.00, 14216.00, 14230.00, 23608
2023/01/03 16:56, 14227.00, 14292.00, 14207.00, 14289.00, 19782
2023/01/03 18:52, 14289.00, 14315.00, 14284.00, 14295.00, 13772
2023/01/03 20:48, 14294.00, 14302.00, 14226.00, 14244.00, 17219
2023/01/03 22:44, 14243.00, 14304.00, 14231.00, 14298.00, 22794
2023/01/04 00:40, 14298.00, 14300.00, 14170.00, 14184.00, 50470
2023/01/04 02:36, 14185.00, 14193.00, 14146.00, 14169.00, 16963
2023/01/04 04:32, 14168.00, 14217.00, 14150.00, 14195.00, 7391
2023/01/04 05:00, 14195.00, 14202.00, 14186.00, 14190.00, 1375
2023/01/04 10:41, 14199.00, 14271.00, 14180.00, 14229.00, 70366
2023/01/04 12:37, 14228.00, 14253.00, 14187.00, 14218.00, 28890
2023/01/04 13:45, 14218.00, 14245.00, 14202.00, 14209.00, 15516
2023/01/04 16:56, 14207.00, 14268.00, 14204.00, 14252.00, 13340
2023/01/04 18:52, 14252.00, 14255.00, 14228.00, 14236.00, 8834
2023/01/04 20:48, 14237.00, 14252.00, 14224.00, 14226.00, 6486
2023/01/04 22:44, 14226.00, 14304.00, 14223.00, 14293.00, 27175
2023/01/05 00:40, 14291.00, 14330.00, 14211.00, 14328.00, 50239
2023/01/05 02:36, 14328.00, 14343.00, 14296.00, 14332.00, 15044
2023/01/05 04:32, 14333.00, 14350.00, 14282.00, 14326.00, 18050
2023/01/05 05:00, 14326.00, 14332.00, 14306.00, 14328.00, 2350
2023/01/05 10:41, 14325.00, 14375.00, 14268.00, 14285.00, 82252
2023/01/05 12:37, 14283.00, 14299.00, 14239.00, 14263.00, 37182
2023/01/05 13:45, 14264.00, 14290.00, 14261.00, 14289.00, 15378
2023/01/05 16:56, 14277.00, 14295.00, 14261.00, 14287.00, 11036
2023/01/05 18:52, 14287.00, 14322.00, 14283.00, 14310.00, 11399
2023/01/05 20:48, 14310.00, 14330.00, 14303.00, 14303.00, 7993
2023/01/05 22:44, 14303.00, 14309.00, 14226.00, 14232.00, 34026
2023/01/06 00:40, 14232.00, 14274.00, 14223.00, 14247.00, 29942
2023/01/06 02:36, 14247.00, 14277.00, 14228.00, 14273.00, 9985
2023/01/06 04:32, 14274.00, 14275.00, 14237.00, 14242.00, 4772
2023/01/06 05:00, 14242.00, 14254.00, 14235.00, 14238.00, 1416
2023/01/06 10:41, 14274.00, 14346.00, 14274.00, 14334.00, 67262
2023/01/06 12:37, 14335.00, 14404.00, 14322.00, 14393.00, 45508
2023/01/06 13:45, 14393.00, 14394.00, 14355.00, 14366.00, 17502
2023/01/06 16:56, 14361.00, 14383.00, 14340.00, 14352.00, 11569
2023/01/06 18:52, 14353.00, 14371.00, 14335.00, 14363.00, 8556
2023/01/06 20:48, 14363.00, 14369.00, 14348.00, 14351.00, 6035
2023/01/06 22:44, 14352.00, 14444.00, 14324.00, 14387.00, 56829
2023/01/07 00:40, 14386.00, 14522.00, 14367.00, 14520.00, 51239
2023/01/07 02:36, 14519.00, 14564.00, 14509.00, 14558.00, 17580
2023/01/07 04:32, 14558.00, 14619.00, 14551.00, 14605.00, 10587
2023/01/07 05:00, 14605.00, 14608.00, 14578.00, 14591.00, 3159
2023/01/09 10:41, 14619.00, 14671.00, 14582.00, 14658.00, 78659
2023/01/09 12:37, 14659.00, 14729.00, 14657.00, 14722.00, 26431
2023/01/09 13:45, 14721.00, 14771.00, 14717.00, 14768.00, 21025
2023/01/09 16:56, 14760.00, 14765.00, 14731.00, 14760.00, 11598
2023/01/09 18:52, 14760.00, 14825.00, 14757.00, 14786.00, 18082
2023/01/09 20:48, 14786.00, 14831.00, 14785.00, 14822.00, 8553
2023/01/09 22:44, 14823.00, 14856.00, 14793.00, 14844.00, 21542
2023/01/10 00:40, 14845.00, 14902.00, 14842.00, 14885.00, 33145
2023/01/10 02:36, 14885.00, 14900.00, 14847.00, 14850.00, 8604
2023/01/10 04:32, 14850.00, 14850.00, 14778.00, 14787.00, 13498
2023/01/10 05:00, 14787.00, 14792.00, 14768.00, 14781.00, 2771
2023/01/10 10:41, 14748.00, 14829.00, 14737.00, 14743.00, 68233
2023/01/10 12:37, 14743.00, 14802.00, 14735.00, 14783.00, 30280
2023/01/10 13:45, 14782.00, 14824.00, 14772.00, 14810.00, 16117
2023/01/10 16:56, 14801.00, 14852.00, 14789.00, 14838.00, 13462
2023/01/10 18:52, 14838.00, 14857.00, 14820.00, 14848.00, 8328
2023/01/10 20:48, 14849.00, 14851.00, 14784.00, 14803.00, 13540
2023/01/10 22:44, 14802.00, 14873.00, 14783.00, 14831.00, 27848
2023/01/11 00:40, 14833.00, 14864.00, 14797.00, 14829.00, 31358
2023/01/11 02:36, 14829.00, 14854.00, 14817.00, 14854.00, 5852
2023/01/11 04:32, 14855.00, 14872.00, 14836.00, 14855.00, 4877
2023/01/11 05:00, 14854.00, 14864.00, 14847.00, 14862.00, 1157
2023/01/11 10:41, 14862.00, 14884.00, 14776.00, 14785.00, 63193
2023/01/11 12:37, 14785.00, 14792.00, 14746.00, 14786.00, 32453
2023/01/11 13:45, 14785.00, 14803.00, 14772.00, 14791.00, 15267
2023/01/11 16:56, 14778.00, 14778.00, 14713.00, 14764.00, 17209
2023/01/11 18:52, 14764.00, 14795.00, 14759.00, 14775.00, 9429
2023/01/11 20:48, 14776.00, 14788.00, 14758.00, 14776.00, 7214
2023/01/11 22:44, 14776.00, 14842.00, 14770.00, 14839.00, 21995
2023/01/12 00:40, 14841.00, 14844.00, 14789.00, 14818.00, 22591
2023/01/12 02:36, 14819.00, 14853.00, 14818.00, 14845.00, 8192
2023/01/12 04:32, 14846.00, 14872.00, 14839.00, 14862.00, 5084
2023/01/12 05:00, 14863.00, 14863.00, 14846.00, 14857.00, 1470
2023/01/12 10:41, 14829.00, 14840.00, 14731.00, 14735.00, 61818
2023/01/12 12:37, 14735.00, 14775.00, 14715.00, 14760.00, 31835
2023/01/12 13:45, 14759.00, 14786.00, 14708.00, 14766.00, 24962
2023/01/12 16:56, 14776.00, 14794.00, 14744.00, 14780.00, 12481
2023/01/12 18:52, 14780.00, 14842.00, 14779.00, 14826.00, 17815
2023/01/12 20:48, 14825.00, 14860.00, 14816.00, 14858.00, 9965
2023/01/12 22:44, 14859.00, 14910.00, 14723.00, 14842.00, 75283
2023/01/13 00:40, 14842.00, 14956.00, 14817.00, 14944.00, 57343
2023/01/13 02:36, 14944.00, 15016.00, 14937.00, 14989.00, 22595
2023/01/13 04:32, 14989.00, 15020.00, 14962.00, 14984.00, 7917
2023/01/13 05:00, 14985.00, 14985.00, 14955.00, 14973.00, 2263
2023/01/13 10:41, 14995.00, 15015.00, 14856.00, 14875.00, 89261
2023/01/13 12:37, 14874.00, 14878.00, 14821.00, 14848.00, 36753
2023/01/13 13:45, 14847.00, 14868.00, 14823.00, 14834.00, 16486
2023/01/13 16:56, 14855.00, 14896.00, 14853.00, 14892.00, 13155
2023/01/13 18:52, 14891.00, 14903.00, 14872.00, 14887.00, 7347
2023/01/13 20:48, 14887.00, 14894.00, 14829.00, 14836.00, 13324
2023/01/13 22:44, 14836.00, 14865.00, 14805.00, 14849.00, 23524
2023/01/14 00:40, 14849.00, 14888.00, 14841.00, 14861.00, 26258
2023/01/14 02:36, 14863.00, 14900.00, 14854.00, 14897.00, 8835
2023/01/14 04:32, 14896.00, 14935.00, 14893.00, 14931.00, 8007
2023/01/14 05:00, 14931.00, 14939.00, 14918.00, 14920.00, 2294
2023/01/16 10:41, 14929.00, 15004.00, 14924.00, 14955.00, 64617
2023/01/16 12:37, 14955.00, 14972.00, 14918.00, 14923.00, 32590
2023/01/16 13:45, 14923.00, 14948.00, 14916.00, 14938.00, 15460
2023/01/16 16:56, 14925.00, 14952.00, 14884.00, 14891.00, 12182
2023/01/16 18:52, 14891.00, 14928.00, 14891.00, 14927.00, 7244
2023/01/16 20:48, 14927.00, 14938.00, 14920.00, 14930.00, 4959
2023/01/16 22:44, 14930.00, 14958.00, 14923.00, 14949.00, 8119
2023/01/17 00:40, 14950.00, 14955.00, 14939.00, 14944.00, 5096
2023/01/17 02:36, 14943.00, 14943.00, 14928.00, 14939.00, 2736
2023/01/17 04:32, 14939.00, 14944.00, 14932.00, 14935.00, 959
2023/01/17 05:00, 14933.00, 14938.00, 14926.00, 14926.00, 553
2023/01/17 10:41, 14922.00, 14956.00, 14905.00, 14928.00, 51107
2023/01/17 12:37, 14927.00, 14970.00, 14912.00, 14959.00, 22778
2023/01/17 13:45, 14959.00, 14964.00, 14921.00, 14925.00, 12813
2023/01/17 16:56, 14920.00, 14931.00, 14820.00, 14928.00, 10697
2023/01/17 18:52, 14928.00, 14934.00, 14908.00, 14923.00, 3724
2023/01/17 20:48, 14923.00, 14940.00, 14919.00, 14925.00, 3072
2023/01/17 22:44, 14926.00, 14979.00, 14924.00, 14972.00, 10487
2023/01/18 00:40, 14973.00, 15038.00, 14969.00, 15010.00, 23861
2023/01/18 02:36, 15010.00, 15030.00, 15002.00, 15028.00, 5314
2023/01/18 04:32, 15027.00, 15036.00, 15004.00, 15012.00, 4269
2023/01/18 05:00, 15012.00, 15051.00, 15011.00, 15051.00, 2015
2023/01/30 10:41, 15568.00, 15568.00, 15366.00, 15376.00, 48627
2023/01/30 12:37, 15376.00, 15445.00, 15364.00, 15434.00, 14611
2023/01/30 13:30, 15435.00, 15452.00, 15412.00, 15450.00, 7436
2023/01/30 16:56, 15457.00, 15461.00, 15415.00, 15439.00, 12324
2023/01/30 18:52, 15439.00, 15448.00, 15422.00, 15434.00, 5277
2023/01/30 20:48, 15434.00, 15435.00, 15418.00, 15433.00, 3493
2023/01/30 22:44, 15433.00, 15453.00, 15427.00, 15448.00, 7445
2023/01/31 00:40, 15450.00, 15498.00, 15437.00, 15464.00, 25094
2023/01/31 02:36, 15463.00, 15469.00, 15430.00, 15435.00, 6724
2023/01/31 04:32, 15434.00, 15442.00, 15405.00, 15413.00, 4234
2023/01/31 05:00, 15413.00, 15424.00, 15410.00, 15421.00, 1038
2023/01/31 10:41, 15451.00, 15456.00, 15385.00, 15388.00, 55167
2023/01/31 12:37, 15387.00, 15397.00, 15296.00, 15298.00, 34005
2023/01/31 13:45, 15298.00, 15322.00, 15266.00, 15267.00, 20577
2023/01/31 16:56, 15251.00, 15315.00, 15246.00, 15273.00, 16011
2023/01/31 18:52, 15274.00, 15284.00, 15251.00, 15265.00, 8073
2023/01/31 20:48, 15264.00, 15291.00, 15228.00, 15291.00, 11898
2023/01/31 22:44, 15292.00, 15319.00, 15280.00, 15307.00, 19305
2023/02/01 00:40, 15307.00, 15354.00, 15285.00, 15346.00, 22396
2023/02/01 02:36, 15348.00, 15352.00, 15321.00, 15349.00, 5507
2023/02/01 04:32, 15349.00, 15366.00, 15343.00, 15363.00, 3723
2023/02/01 05:00, 15362.00, 15388.00, 15355.00, 15388.00, 3019
2023/02/01 10:41, 15350.00, 15396.00, 15324.00, 15329.00, 58038
2023/02/01 12:37, 15329.00, 15360.00, 15298.00, 15348.00, 28658
2023/02/01 13:45, 15348.00, 15402.00, 15339.00, 15382.00, 19676
2023/02/01 16:56, 15387.00, 15418.00, 15384.00, 15385.00, 11264
2023/02/01 18:52, 15384.00, 15388.00, 15366.00, 15380.00, 8976
2023/02/01 20:48, 15380.00, 15409.00, 15372.00, 15402.00, 5859
2023/02/01 22:44, 15402.00, 15423.00, 15392.00, 15418.00, 13860
2023/02/02 00:40, 15420.00, 15452.00, 15374.00, 15406.00, 26346
2023/02/02 02:36, 15406.00, 15410.00, 15336.00, 15379.00, 14005
2023/02/02 04:32, 15378.00, 15529.00, 15331.00, 15522.00, 37203
2023/02/02 05:00, 15521.00, 15552.00, 15503.00, 15511.00, 5392
2023/02/02 10:41, 15547.00, 15570.00, 15468.00, 15537.00, 82789
2023/02/02 12:37, 15537.00, 15589.00, 15534.00, 15580.00, 31929
2023/02/02 13:45, 15581.00, 15600.00, 15577.00, 15580.00, 14639
2023/02/02 16:56, 15588.00, 15624.00, 15562.00, 15615.00, 14891
2023/02/02 18:52, 15615.00, 15628.00, 15596.00, 15607.00, 9033
2023/02/02 20:48, 15608.00, 15618.00, 15585.00, 15611.00, 9288
2023/02/02 22:44, 15611.00, 15657.00, 15606.00, 15634.00, 21060
2023/02/03 00:40, 15635.00, 15645.00, 15568.00, 15631.00, 33781
2023/02/03 02:36, 15631.00, 15645.00, 15603.00, 15645.00, 7209
2023/02/03 04:32, 15644.00, 15668.00, 15554.00, 15583.00, 14770
2023/02/03 05:00, 15583.00, 15608.00, 15577.00, 15605.00, 2510
2023/02/03 10:41, 15587.00, 15592.00, 15488.00, 15552.00, 76973
2023/02/03 12:37, 15552.00, 15629.00, 15547.00, 15607.00, 34738
2023/02/03 13:45, 15607.00, 15608.00, 15568.00, 15581.00, 17362
2023/02/03 16:56, 15577.00, 15598.00, 15546.00, 15566.00, 27272
2023/02/03 18:52, 15566.00, 15588.00, 15553.00, 15581.00, 15384
2023/02/03 20:48, 15581.00, 15604.00, 15571.00, 15598.00, 14753
2023/02/03 22:44, 15599.00, 15610.00, 15510.00, 15552.00, 83335
2023/02/04 00:40, 15551.00, 15600.00, 15518.00, 15572.00, 70632
2023/02/04 02:36, 15572.00, 15581.00, 15503.00, 15514.00, 33939
2023/02/04 04:32, 15514.00, 15530.00, 15474.00, 15509.00, 28399
2023/02/04 05:00, 15509.00, 15511.00, 15496.00, 15505.00, 4202
2023/02/06 10:41, 15498.00, 15504.00, 15412.00, 15439.00, 85840
2023/02/06 12:37, 15439.00, 15454.00, 15407.00, 15449.00, 29833
2023/02/06 13:45, 15448.00, 15452.00, 15391.00, 15407.00, 19363
2023/02/06 16:56, 15395.00, 15413.00, 15380.00, 15395.00, 12944
2023/02/06 18:52, 15395.00, 15399.00, 15340.00, 15344.00, 13495
2023/02/06 20:48, 15344.00, 15372.00, 15337.00, 15371.00, 9181
2023/02/06 22:44, 15371.00, 15378.00, 15341.00, 15346.00, 17098
2023/02/07 00:40, 15346.00, 15366.00, 15307.00, 15345.00, 33670
2023/02/07 02:36, 15345.00, 15347.00, 15311.00, 15336.00, 6549
2023/02/07 04:32, 15335.00, 15362.00, 15309.00, 15321.00, 5599
2023/02/07 05:00, 15319.00, 15345.00, 15319.00, 15331.00, 1565
2023/02/07 10:41, 15372.00, 15447.00, 15369.00, 15383.00, 75123
2023/02/07 12:37, 15384.00, 15423.00, 15366.00, 15406.00, 35460
2023/02/07 13:45, 15405.00, 15425.00, 15394.00, 15397.00, 15112
2023/02/07 16:56, 15398.00, 15404.00, 15368.00, 15390.00, 11871
2023/02/07 18:52, 15390.00, 15403.00, 15386.00, 15390.00, 5644
2023/02/07 20:48, 15390.00, 15396.00, 15378.00, 15394.00, 4543
2023/02/07 22:44, 15394.00, 15396.00, 15345.00, 15372.00, 17551
2023/02/08 00:40, 15372.00, 15415.00, 15351.00, 15396.00, 17009
2023/02/08 02:36, 15395.00, 15493.00, 15333.00, 15347.00, 39182
2023/02/08 04:32, 15346.00, 15472.00, 15335.00, 15469.00, 19422
2023/02/08 05:00, 15470.00, 15507.00, 15465.00, 15494.00, 5320
2023/02/08 10:41, 15471.00, 15589.00, 15471.00, 15587.00, 76882
2023/02/08 12:37, 15587.00, 15624.00, 15581.00, 15613.00, 28224
2023/02/08 13:45, 15613.00, 15617.00, 15592.00, 15604.00, 15645
2023/02/08 16:56, 15606.00, 15627.00, 15584.00, 15603.00, 15749
2023/02/08 18:52, 15604.00, 15615.00, 15594.00, 15605.00, 4755
2023/02/08 20:48, 15605.00, 15612.00, 15595.00, 15605.00, 3640
2023/02/08 22:44, 15605.00, 15606.00, 15573.00, 15601.00, 15817
2023/02/09 00:40, 15601.00, 15605.00, 15507.00, 15516.00, 36023
2023/02/09 02:36, 15516.00, 15550.00, 15507.00, 15535.00, 12448
2023/02/09 04:32, 15536.00, 15545.00, 15510.00, 15525.00, 4522
2023/02/09 05:00, 15528.00, 15534.00, 15521.00, 15530.00, 1358
2023/02/09 10:41, 15545.00, 15599.00, 15531.00, 15598.00, 73003
2023/02/09 12:37, 15599.00, 15605.00, 15564.00, 15579.00, 24751
2023/02/09 13:45, 15579.00, 15608.00, 15578.00, 15600.00, 14914
2023/02/09 16:56, 15600.00, 15686.00, 15588.00, 15674.00, 20150
2023/02/09 18:52, 15676.00, 15704.00, 15671.00, 15704.00, 10533
2023/02/09 20:48, 15705.00, 15714.00, 15679.00, 15684.00, 10216
2023/02/09 22:44, 15684.00, 15717.00, 15673.00, 15698.00, 16426
2023/02/10 00:40, 15697.00, 15742.00, 15667.00, 15684.00, 33521
2023/02/10 02:36, 15684.00, 15698.00, 15636.00, 15657.00, 15354
2023/02/10 04:32, 15656.00, 15656.00, 15562.00, 15563.00, 12974
2023/02/10 05:00, 15562.00, 15612.00, 15551.00, 15600.00, 4535
2023/02/10 10:41, 15590.00, 15597.00, 15521.00, 15569.00, 88491
2023/02/10 12:37, 15570.00, 15582.00, 15526.00, 15569.00, 33832
2023/02/10 13:45, 15569.00, 15587.00, 15549.00, 15577.00, 14619
2023/02/10 16:56, 15587.00, 15634.00, 15581.00, 15628.00, 17400
2023/02/10 18:52, 15627.00, 15643.00, 15570.00, 15585.00, 18749
2023/02/10 20:48, 15585.00, 15591.00, 15547.00, 15562.00, 12451
2023/02/10 22:44, 15562.00, 15596.00, 15548.00, 15562.00, 16174
2023/02/11 00:40, 15562.00, 15583.00, 15527.00, 15550.00, 33206
2023/02/11 02:36, 15550.00, 15557.00, 15506.00, 15546.00, 16126
2023/02/11 04:32, 15547.00, 15552.00, 15519.00, 15550.00, 4908
2023/02/11 05:00, 15551.00, 15579.00, 15546.00, 15562.00, 3253
2023/02/13 10:41, 15509.00, 15547.00, 15431.00, 15473.00, 88310
2023/02/13 12:37, 15473.00, 15520.00, 15453.00, 15500.00, 31532
2023/02/13 13:45, 15500.00, 15537.00, 15494.00, 15532.00, 14781
2023/02/13 16:56, 15536.00, 15570.00, 15525.00, 15563.00, 13081
2023/02/13 18:52, 15564.00, 15590.00, 15560.00, 15570.00, 10127
2023/02/13 20:48, 15570.00, 15596.00, 15569.00, 15588.00, 6875
2023/02/13 22:44, 15588.00, 15593.00, 15558.00, 15589.00, 12521
2023/02/14 00:40, 15589.00, 15636.00, 15578.00, 15616.00, 24744
2023/02/14 02:36, 15616.00, 15649.00, 15616.00, 15644.00, 7095
2023/02/14 04:32, 15646.00, 15660.00, 15629.00, 15650.00, 4966
2023/02/14 05:00, 15650.00, 15653.00, 15639.00, 15651.00, 1784
2023/02/14 10:41, 15638.00, 15682.00, 15587.00, 15657.00, 66761
2023/02/14 12:37, 15658.00, 15675.00, 15630.00, 15665.00, 24696
2023/02/14 13:45, 15664.00, 15670.00, 15641.00, 15658.00, 11141
2023/02/14 16:56, 15664.00, 15678.00, 15652.00, 15659.00, 8173
2023/02/14 18:52, 15660.00, 15693.00, 15656.00, 15689.00, 7205
2023/02/14 20:48, 15689.00, 15700.00, 15684.00, 15693.00, 5216
2023/02/14 22:44, 15694.00, 15740.00, 15592.00, 15650.00, 61326
2023/02/15 00:40, 15650.00, 15737.00, 15646.00, 15655.00, 48087
2023/02/15 02:36, 15655.00, 15722.00, 15648.00, 15708.00, 11433
2023/02/15 04:32, 15707.00, 15721.00, 15683.00, 15721.00, 4214
2023/02/15 05:00, 15719.00, 15726.00, 15710.00, 15718.00, 1621
2023/02/15 10:41, 15520.00, 15550.00, 15383.00, 15450.00, 71599
2023/02/15 12:37, 15450.00, 15452.00, 15390.00, 15427.00, 24273
2023/02/15 13:30, 15428.00, 15429.00, 15383.00, 15398.00, 12115
2023/02/15 16:56, 15363.00, 15386.00, 15348.00, 15381.00, 14180
2023/02/15 18:52, 15381.00, 15398.00, 15377.00, 15392.00, 7640
2023/02/15 20:48, 15392.00, 15408.00, 15384.00, 15400.00, 7214
2023/02/15 22:44, 15399.00, 15400.00, 15362.00, 15396.00, 20689
2023/02/16 00:40, 15396.00, 15400.00, 15338.00, 15394.00, 29128
2023/02/16 02:36, 15394.00, 15419.00, 15374.00, 15401.00, 13037
2023/02/16 04:32, 15401.00, 15425.00, 15400.00, 15414.00, 5589
2023/02/16 05:00, 15415.00, 15421.00, 15410.00, 15420.00, 1233
2023/02/16 10:41, 15444.00, 15545.00, 15444.00, 15538.00, 86253
2023/02/16 12:37, 15539.00, 15598.00, 15535.00, 15576.00, 34905
2023/02/16 13:45, 15577.00, 15580.00, 15542.00, 15543.00, 17649
2023/02/16 16:56, 15545.00, 15569.00, 15527.00, 15557.00, 13838
2023/02/16 18:52, 15558.00, 15560.00, 15543.00, 15552.00, 5904
2023/02/16 20:48, 15552.00, 15564.00, 15535.00, 15545.00, 6382
2023/02/16 22:44, 15544.00, 15546.00, 15407.00, 15424.00, 49348
2023/02/17 00:40, 15424.00, 15487.00, 15408.00, 15479.00, 36839
2023/02/17 02:36, 15480.00, 15509.00, 15464.00, 15490.00, 13089
2023/02/17 04:32, 15491.00, 15503.00, 15433.00, 15436.00, 6869
2023/02/17 05:00, 15434.00, 15444.00, 15420.00, 15441.00, 3436
2023/02/17 10:41, 15425.00, 15476.00, 15384.00, 15399.00, 83477
2023/02/17 12:37, 15399.00, 15465.00, 15392.00, 15450.00, 31299
2023/02/17 13:45, 15450.00, 15453.00, 15431.00, 15436.00, 15854
2023/02/17 16:56, 15434.00, 15468.00, 15410.00, 15428.00, 14963
2023/02/17 18:52, 15428.00, 15440.00, 15417.00, 15432.00, 6919
2023/02/17 20:48, 15432.00, 15440.00, 15415.00, 15435.00, 6359
2023/02/17 22:44, 15436.00, 15455.00, 15423.00, 15432.00, 14058
2023/02/18 00:40, 15432.00, 15460.00, 15394.00, 15416.00, 35000
2023/02/18 02:36, 15416.00, 15432.00, 15398.00, 15409.00, 8270
2023/02/18 04:32, 15408.00, 15452.00, 15408.00, 15433.00, 6332
2023/02/18 05:00, 15433.00, 15441.00, 15429.00, 15435.00, 1368
2023/02/20 10:41, 15395.00, 15519.00, 15367.00, 15511.00, 83949
2023/02/20 12:37, 15512.00, 15555.00, 15507.00, 15545.00, 29227
2023/02/20 13:45, 15545.00, 15547.00, 15502.00, 15524.00, 19637
2023/02/20 16:56, 15538.00, 15538.00, 15507.00, 15514.00, 7422
2023/02/20 18:52, 15515.00, 15521.00, 15498.00, 15510.00, 6617
2023/02/20 20:48, 15510.00, 15519.00, 15505.00, 15513.00, 3566
2023/02/20 22:44, 15514.00, 15526.00, 15505.00, 15510.00, 5268
2023/02/21 00:40, 15511.00, 15511.00, 15484.00, 15499.00, 9912
2023/02/21 02:36, 15499.00, 15503.00, 15490.00, 15500.00, 1731
2023/02/21 04:32, 15500.00, 15510.00, 15496.00, 15502.00, 1494
2023/02/21 05:00, 15501.00, 15510.00, 15500.00, 15501.00, 566
2023/02/21 10:41, 15487.00, 15541.00, 15471.00, 15537.00, 70283
2023/02/21 12:37, 15537.00, 15547.00, 15495.00, 15527.00, 28048
2023/02/21 13:45, 15528.00, 15540.00, 15518.00, 15528.00, 12615
2023/02/21 16:56, 15532.00, 15534.00, 15462.00, 15466.00, 14078
2023/02/21 18:52, 15466.00, 15491.00, 15449.00, 15476.00, 19480
2023/02/21 20:48, 15477.00, 15478.00, 15455.00, 15468.00, 7519
2023/02/21 22:44, 15469.00, 15474.00, 15435.00, 15471.00, 19425
2023/02/22 00:40, 15472.00, 15474.00, 15415.00, 15418.00, 26058
2023/02/22 02:36, 15417.00, 15426.00, 15402.00, 15403.00, 7660
2023/02/22 04:32, 15403.00, 15408.00, 15386.00, 15391.00, 5750
2023/02/22 05:00, 15391.00, 15400.00, 15371.00, 15378.00, 2957
2023/02/22 10:41, 15360.00, 15379.00, 15306.00, 15350.00, 89493
2023/02/22 12:37, 15349.00, 15415.00, 15346.00, 15377.00, 38029
2023/02/22 13:45, 15378.00, 15396.00, 15372.00, 15375.00, 12758
2023/02/22 16:56, 15380.00, 15395.00, 15363.00, 15373.00, 10233
2023/02/22 18:52, 15372.00, 15382.00, 15362.00, 15377.00, 5700
2023/02/22 20:48, 15377.00, 15435.00, 15363.00, 15423.00, 15825
2023/02/22 22:44, 15424.00, 15445.00, 15416.00, 15439.00, 18697
2023/02/23 00:40, 15439.00, 15448.00, 15372.00, 15387.00, 29371
2023/02/23 02:36, 15388.00, 15425.00, 15383.00, 15418.00, 7359
2023/02/23 04:32, 15416.00, 15440.00, 15351.00, 15360.00, 16657
2023/02/23 05:00, 15360.00, 15367.00, 15343.00, 15361.00, 3925
2023/02/23 10:41, 15426.00, 15614.00, 15426.00, 15608.00, 100254
2023/02/23 12:37, 15608.00, 15656.00, 15598.00, 15609.00, 41155
2023/02/23 13:45, 15610.00, 15635.00, 15590.00, 15600.00, 19744
2023/02/23 16:56, 15597.00, 15613.00, 15576.00, 15599.00, 12033
2023/02/23 18:52, 15599.00, 15606.00, 15582.00, 15594.00, 5338
2023/02/23 20:48, 15594.00, 15621.00, 15592.00, 15610.00, 6832
2023/02/23 22:44, 15610.00, 15654.00, 15605.00, 15637.00, 18179
2023/02/24 00:40, 15637.00, 15699.00, 15580.00, 15588.00, 47035
2023/02/24 02:36, 15588.00, 15595.00, 15560.00, 15589.00, 17107
2023/02/24 04:32, 15590.00, 15649.00, 15589.00, 15646.00, 8720
2023/02/24 05:00, 15646.00, 15651.00, 15633.00, 15633.00, 2303
2023/02/24 10:41, 15650.00, 15684.00, 15585.00, 15596.00, 73397
2023/02/24 12:37, 15596.00, 15615.00, 15545.00, 15547.00, 36180
2023/02/24 13:45, 15547.00, 15587.00, 15526.00, 15541.00, 30108
2023/02/24 16:56, 15539.00, 15541.00, 15502.00, 15513.00, 12201
2023/02/24 18:52, 15513.00, 15532.00, 15512.00, 15521.00, 5641
2023/02/24 20:48, 15522.00, 15527.00, 15484.00, 15497.00, 10138
2023/02/24 22:44, 15498.00, 15499.00, 15402.00, 15410.00, 35271
2023/02/25 00:40, 15409.00, 15434.00, 15391.00, 15418.00, 26562
2023/02/25 02:36, 15419.00, 15446.00, 15408.00, 15415.00, 9575
2023/02/25 04:32, 15415.00, 15449.00, 15412.00, 15436.00, 5514
2023/02/25 05:00, 15436.00, 15441.00, 15427.00, 15431.00, 2330
2023/03/01 10:41, 15379.00, 15497.00, 15333.00, 15494.00, 91885
2023/03/01 12:37, 15494.00, 15543.00, 15473.00, 15534.00, 37854
2023/03/01 13:45, 15534.00, 15554.00, 15531.00, 15546.00, 16032
2023/03/01 16:56, 15551.00, 15595.00, 15550.00, 15573.00, 13504
2023/03/01 18:52, 15573.00, 15588.00, 15567.00, 15575.00, 4943
2023/03/01 20:48, 15576.00, 15592.00, 15573.00, 15579.00, 5087
2023/03/01 22:44, 15579.00, 15582.00, 15510.00, 15539.00, 25362
2023/03/02 00:40, 15539.00, 15563.00, 15488.00, 15506.00, 34990
2023/03/02 02:36, 15507.00, 15544.00, 15500.00, 15504.00, 9125
2023/03/02 04:32, 15504.00, 15522.00, 15495.00, 15510.00, 4518
2023/03/02 05:00, 15510.00, 15522.00, 15507.00, 15515.00, 1176
2023/03/02 10:41, 15588.00, 15617.00, 15435.00, 15555.00, 105675
2023/03/02 12:37, 15555.00, 15573.00, 15528.00, 15572.00, 27228
2023/03/02 13:45, 15572.00, 15579.00, 15537.00, 15542.00, 15393
2023/03/02 16:56, 15540.00, 15549.00, 15505.00, 15540.00, 14117
2023/03/02 18:52, 15540.00, 15543.00, 15514.00, 15527.00, 6838
2023/03/02 20:48, 15528.00, 15559.00, 15524.00, 15541.00, 9764
2023/03/02 22:44, 15541.00, 15543.00, 15516.00, 15524.00, 14448
2023/03/03 00:40, 15525.00, 15588.00, 15512.00, 15569.00, 31879
2023/03/03 02:36, 15569.00, 15580.00, 15557.00, 15580.00, 4837
2023/03/03 04:32, 15580.00, 15630.00, 15578.00, 15629.00, 11890
2023/03/03 05:00, 15630.00, 15645.00, 15628.00, 15630.00, 3531
2023/03/03 10:41, 15621.00, 15666.00, 15567.00, 15610.00, 87507
2023/03/03 12:37, 15610.00, 15670.00, 15600.00, 15606.00, 38439
2023/03/03 13:45, 15606.00, 15619.00, 15593.00, 15615.00, 17772
2023/03/03 16:56, 15618.00, 15632.00, 15605.00, 15629.00, 7920
2023/03/03 18:52, 15628.00, 15636.00, 15621.00, 15628.00, 4431
2023/03/03 20:48, 15628.00, 15650.00, 15628.00, 15632.00, 5958
2023/03/03 22:44, 15632.00, 15664.00, 15628.00, 15647.00, 12907
2023/03/04 00:40, 15647.00, 15669.00, 15621.00, 15651.00, 24504
2023/03/04 02:36, 15650.00, 15694.00, 15648.00, 15684.00, 10429
2023/03/04 04:32, 15684.00, 15724.00, 15684.00, 15723.00, 7238
2023/03/04 05:00, 15723.00, 15723.00, 15715.00, 15720.00, 2042
2023/03/06 10:41, 15729.00, 15811.00, 15691.00, 15811.00, 100591
2023/03/06 12:37, 15810.00, 15834.00, 15791.00, 15791.00, 29325
2023/03/06 13:45, 15791.00, 15804.00, 15757.00, 15772.00, 18611
2023/03/06 16:56, 15768.00, 15792.00, 15765.00, 15781.00, 8264
2023/03/06 18:52, 15781.00, 15783.00, 15762.00, 15774.00, 4714
2023/03/06 20:48, 15774.00, 15781.00, 15766.00, 15774.00, 3397
2023/03/06 22:44, 15774.00, 15806.00, 15774.00, 15805.00, 11421
2023/03/07 00:40, 15804.00, 15832.00, 15788.00, 15815.00, 16810
2023/03/07 02:36, 15815.00, 15830.00, 15791.00, 15793.00, 5869
2023/03/07 04:32, 15792.00, 15793.00, 15748.00, 15755.00, 8113
2023/03/07 05:00, 15758.00, 15770.00, 15751.00, 15769.00, 1605
2023/03/07 10:41, 15784.00, 15853.00, 15750.00, 15829.00, 68338
2023/03/07 12:37, 15828.00, 15892.00, 15826.00, 15891.00, 29531
2023/03/07 13:45, 15891.00, 15894.00, 15866.00, 15873.00, 13353
2023/03/07 16:56, 15865.00, 15883.00, 15857.00, 15877.00, 7126
2023/03/07 18:52, 15877.00, 15882.00, 15869.00, 15871.00, 3071
2023/03/07 20:48, 15870.00, 15877.00, 15864.00, 15868.00, 3085
2023/03/07 22:44, 15868.00, 15880.00, 15826.00, 15829.00, 18815
2023/03/08 00:40, 15829.00, 15843.00, 15768.00, 15788.00, 49035
2023/03/08 02:36, 15787.00, 15815.00, 15761.00, 15766.00, 13484
2023/03/08 04:32, 15767.00, 15769.00, 15719.00, 15743.00, 12357
2023/03/08 05:00, 15743.00, 15760.00, 15741.00, 15742.00, 1736
2023/03/08 10:41, 15730.00, 15808.00, 15725.00, 15769.00, 80375
2023/03/08 12:37, 15770.00, 15777.00, 15722.00, 15764.00, 31207
2023/03/08 13:45, 15764.00, 15808.00, 15764.00, 15785.00, 18929
2023/03/08 16:56, 15785.00, 15800.00, 15776.00, 15791.00, 6439
2023/03/08 18:52, 15792.00, 15805.00, 15783.00, 15803.00, 4707
2023/03/08 20:48, 15803.00, 15831.00, 15790.00, 15795.00, 13515
2023/03/08 22:44, 15795.00, 15822.00, 15794.00, 15815.00, 13209
2023/03/09 00:40, 15814.00, 15855.00, 15791.00, 15835.00, 35822
2023/03/09 02:36, 15836.00, 15859.00, 15817.00, 15821.00, 8602
2023/03/09 04:32, 15821.00, 15844.00, 15816.00, 15835.00, 2757
2023/03/09 05:00, 15836.00, 15863.00, 15835.00, 15862.00, 2482
2023/03/09 10:41, 15854.00, 15862.00, 15766.00, 15778.00, 70363
2023/03/09 12:37, 15778.00, 15796.00, 15751.00, 15778.00, 29112
2023/03/09 13:45, 15778.00, 15779.00, 15755.00, 15766.00, 16045
2023/03/09 16:56, 15768.00, 15769.00, 15694.00, 15714.00, 20224
2023/03/09 18:52, 15714.00, 15716.00, 15685.00, 15702.00, 10373
2023/03/09 20:48, 15703.00, 15730.00, 15701.00, 15701.00, 10532
2023/03/09 22:44, 15701.00, 15768.00, 15698.00, 15760.00, 24464
2023/03/10 00:40, 15761.00, 15798.00, 15759.00, 15764.00, 28579
2023/03/10 02:36, 15763.00, 15771.00, 15696.00, 15699.00, 14468
2023/03/10 04:32, 15700.00, 15706.00, 15617.00, 15631.00, 17296
2023/03/10 05:00, 15631.00, 15645.00, 15625.00, 15631.00, 2903
2023/03/10 10:41, 15615.00, 15624.00, 15510.00, 15539.00, 107096
2023/03/10 12:37, 15538.00, 15539.00, 15452.00, 15472.00, 42014
2023/03/10 13:45, 15472.00, 15497.00, 15467.00, 15481.00, 18891
2023/03/10 16:56, 15473.00, 15518.00, 15469.00, 15498.00, 17342
2023/03/10 18:52, 15499.00, 15521.00, 15493.00, 15503.00, 7551
2023/03/10 20:48, 15503.00, 15515.00, 15493.00, 15507.00, 5889
2023/03/10 22:44, 15507.00, 15542.00, 15447.00, 15448.00, 43615
2023/03/11 00:40, 15447.00, 15552.00, 15420.00, 15543.00, 52368
2023/03/11 02:36, 15542.00, 15550.00, 15452.00, 15453.00, 17152
2023/03/11 04:32, 15452.00, 15458.00, 15401.00, 15429.00, 17536
2023/03/11 05:00, 15427.00, 15434.00, 15392.00, 15403.00, 3879
2023/03/13 10:41, 15457.00, 15519.00, 15345.00, 15512.00, 130621
2023/03/13 12:37, 15513.00, 15539.00, 15494.00, 15494.00, 37197
2023/03/13 13:45, 15494.00, 15534.00, 15492.00, 15519.00, 14759
2023/03/13 16:56, 15538.00, 15568.00, 15446.00, 15464.00, 20334
2023/03/13 18:52, 15464.00, 15464.00, 15396.00, 15426.00, 27361
2023/03/13 20:48, 15428.00, 15456.00, 15370.00, 15373.00, 22384
2023/03/13 22:44, 15372.00, 15425.00, 15355.00, 15401.00, 50228
2023/03/14 00:40, 15402.00, 15463.00, 15389.00, 15416.00, 35967
2023/03/14 02:36, 15416.00, 15456.00, 15383.00, 15445.00, 12216
2023/03/14 04:32, 15446.00, 15448.00, 15387.00, 15403.00, 6065
2023/03/14 05:00, 15403.00, 15425.00, 15401.00, 15425.00, 1033
2023/03/14 10:41, 15368.00, 15419.00, 15310.00, 15390.00, 103617
2023/03/14 12:37, 15390.00, 15428.00, 15350.00, 15388.00, 33980
2023/03/14 13:45, 15388.00, 15396.00, 15351.00, 15352.00, 17287
2023/03/14 16:56, 15333.00, 15371.00, 15333.00, 15361.00, 11061
2023/03/14 18:52, 15362.00, 15377.00, 15350.00, 15376.00, 5367
2023/03/14 20:48, 15376.00, 15420.00, 15354.00, 15417.00, 21398
2023/03/14 22:44, 15417.00, 15476.00, 15409.00, 15468.00, 33806
2023/03/15 00:40, 15468.00, 15475.00, 15448.00, 15462.00, 11702
2023/03/15 02:36, 15461.00, 15462.00, 15406.00, 15432.00, 11331
2023/03/15 04:32, 15431.00, 15499.00, 15391.00, 15495.00, 9750
2023/03/15 05:00, 15495.00, 15495.00, 15485.00, 15490.00, 1249
2023/03/15 10:41, 15468.00, 15532.00, 15451.00, 15501.00, 50319
2023/03/15 12:37, 15501.00, 15513.00, 15433.00, 15455.00, 26255
2023/03/15 13:30, 15455.00, 15456.00, 15402.00, 15405.00, 13914
2023/03/15 16:56, 15344.00, 15348.00, 15307.00, 15321.00, 17829
2023/03/15 18:52, 15322.00, 15322.00, 15140.00, 15142.00, 40007
2023/03/15 20:48, 15143.00, 15179.00, 15105.00, 15111.00, 43162
2023/03/15 22:44, 15110.00, 15160.00, 15106.00, 15115.00, 41192
2023/03/16 00:40, 15115.00, 15135.00, 15081.00, 15085.00, 29601
2023/03/16 02:36, 15084.00, 15143.00, 15069.00, 15131.00, 17026
2023/03/16 04:32, 15130.00, 15187.00, 15115.00, 15180.00, 16232
2023/03/16 05:00, 15181.00, 15184.00, 15171.00, 15179.00, 1653
2023/03/16 10:41, 15187.00, 15305.00, 15183.00, 15283.00, 129423
2023/03/16 12:37, 15284.00, 15291.00, 15150.00, 15170.00, 55727
2023/03/16 13:45, 15170.00, 15228.00, 15167.00, 15226.00, 24418
2023/03/16 16:56, 15202.00, 15245.00, 15176.00, 15205.00, 24147
2023/03/16 18:52, 15206.00, 15206.00, 15171.00, 15181.00, 13685
2023/03/16 20:48, 15181.00, 15213.00, 15176.00, 15189.00, 13666
2023/03/16 22:44, 15189.00, 15205.00, 15162.00, 15204.00, 35517
2023/03/17 00:40, 15204.00, 15294.00, 15202.00, 15275.00, 39883
2023/03/17 02:36, 15276.00, 15320.00, 15273.00, 15300.00, 14855
2023/03/17 04:32, 15300.00, 15354.00, 15300.00, 15354.00, 8867
2023/03/17 05:00, 15353.00, 15355.00, 15336.00, 15340.00, 1781
2023/03/17 10:41, 15320.00, 15380.00, 15298.00, 15335.00, 92763
2023/03/17 12:37, 15336.00, 15417.00, 15326.00, 15408.00, 42644
2023/03/17 13:45, 15409.00, 15418.00, 15385.00, 15405.00, 20503
2023/03/17 16:56, 15416.00, 15428.00, 15395.00, 15409.00, 13574
2023/03/17 18:52, 15409.00, 15421.00, 15385.00, 15390.00, 9885
2023/03/17 20:48, 15390.00, 15392.00, 15336.00, 15345.00, 19632
2023/03/17 22:44, 15344.00, 15395.00, 15322.00, 15335.00, 41510
2023/03/18 00:40, 15336.00, 15369.00, 15324.00, 15351.00, 25507
2023/03/18 02:36, 15352.00, 15369.00, 15328.00, 15335.00, 9417
2023/03/18 04:32, 15335.00, 15348.00, 15323.00, 15339.00, 6370
2023/03/18 05:00, 15338.00, 15343.00, 15337.00, 15341.00, 1358
2023/03/20 10:41, 15450.00, 15477.00, 15364.00, 15383.00, 94605
2023/03/20 12:37, 15384.00, 15420.00, 15354.00, 15373.00, 36310
2023/03/20 13:45, 15373.00, 15390.00, 15352.00, 15370.00, 18278
2023/03/20 16:56, 15300.00, 15308.00, 15203.00, 15292.00, 34700
2023/03/20 18:52, 15293.00, 15354.00, 15289.00, 15345.00, 19618
2023/03/20 20:48, 15345.00, 15376.00, 15330.00, 15372.00, 13805
2023/03/20 22:44, 15373.00, 15408.00, 15358.00, 15392.00, 34810
2023/03/21 00:40, 15393.00, 15437.00, 15371.00, 15399.00, 24900
2023/03/21 02:36, 15399.00, 15432.00, 15391.00, 15418.00, 9146
2023/03/21 04:32, 15417.00, 15450.00, 15411.00, 15437.00, 5065
2023/03/21 05:00, 15437.00, 15449.00, 15434.00, 15439.00, 1444
2023/03/21 10:41, 15462.00, 15517.00, 15425.00, 15493.00, 95740
2023/03/21 12:37, 15494.00, 15495.00, 15440.00, 15456.00, 27866
2023/03/21 13:45, 15457.00, 15470.00, 15447.00, 15455.00, 12942
2023/03/21 16:56, 15470.00, 15477.00, 15457.00, 15473.00, 9851
2023/03/21 18:52, 15473.00, 15509.00, 15469.00, 15500.00, 11016
2023/03/21 20:48, 15501.00, 15524.00, 15496.00, 15516.00, 9402
2023/03/21 22:44, 15516.00, 15581.00, 15508.00, 15527.00, 39143
2023/03/22 00:40, 15526.00, 15538.00, 15503.00, 15525.00, 18860
2023/03/22 02:36, 15525.00, 15551.00, 15521.00, 15547.00, 7163
2023/03/22 04:32, 15547.00, 15583.00, 15541.00, 15578.00, 6194
2023/03/22 05:00, 15577.00, 15579.00, 15570.00, 15573.00, 1296
2023/03/22 10:41, 15591.00, 15703.00, 15568.00, 15683.00, 83004
2023/03/22 12:37, 15684.00, 15714.00, 15664.00, 15703.00, 24955
2023/03/22 13:45, 15703.00, 15725.00, 15696.00, 15715.00, 18139
2023/03/22 16:56, 15724.00, 15728.00, 15680.00, 15699.00, 14654
2023/03/22 18:52, 15700.00, 15749.00, 15696.00, 15748.00, 13412
2023/03/22 20:48, 15748.00, 15770.00, 15732.00, 15745.00, 13108
2023/03/22 22:44, 15745.00, 15783.00, 15742.00, 15778.00, 19762
2023/03/23 00:40, 15778.00, 15778.00, 15740.00, 15742.00, 11047
2023/03/23 02:36, 15743.00, 15820.00, 15715.00, 15765.00, 27111
2023/03/23 04:32, 15765.00, 15844.00, 15654.00, 15668.00, 47052
2023/03/23 05:00, 15669.00, 15680.00, 15657.00, 15669.00, 2351
2023/03/23 10:41, 15688.00, 15814.00, 15683.00, 15814.00, 82719
2023/03/23 12:37, 15814.00, 15866.00, 15788.00, 15816.00, 48692
2023/03/23 13:45, 15816.00, 15839.00, 15802.00, 15836.00, 16067
2023/03/23 16:56, 15846.00, 15893.00, 15836.00, 15877.00, 17042
2023/03/23 18:52, 15877.00, 15881.00, 15816.00, 15839.00, 16002
2023/03/23 20:48, 15840.00, 15870.00, 15834.00, 15870.00, 10447
2023/03/23 22:44, 15870.00, 15941.00, 15847.00, 15926.00, 34257
2023/03/24 00:40, 15927.00, 15979.00, 15926.00, 15943.00, 24839
2023/03/24 02:36, 15942.00, 15947.00, 15844.00, 15862.00, 19700
2023/03/24 04:32, 15862.00, 15892.00, 15798.00, 15870.00, 22320
2023/03/24 05:00, 15870.00, 15900.00, 15867.00, 15899.00, 1977
2023/03/24 10:41, 15880.00, 15885.00, 15806.00, 15829.00, 77103
2023/03/24 12:37, 15827.00, 15899.00, 15826.00, 15880.00, 34858
2023/03/24 13:45, 15881.00, 15922.00, 15874.00, 15917.00, 18366
2023/03/24 16:56, 15906.00, 15936.00, 15831.00, 15855.00, 53926
2023/03/24 18:52, 15854.00, 15865.00, 15791.00, 15821.00, 53897
2023/03/24 20:48, 15821.00, 15824.00, 15797.00, 15815.00, 26432
2023/03/24 22:44, 15815.00, 15843.00, 15795.00, 15820.00, 67158
2023/03/25 00:40, 15819.00, 15845.00, 15780.00, 15821.00, 55660
2023/03/25 02:36, 15822.00, 15842.00, 15815.00, 15834.00, 15262
2023/03/25 04:32, 15832.00, 15875.00, 15829.00, 15871.00, 14952
2023/03/25 05:00, 15870.00, 15880.00, 15868.00, 15869.00, 3594
2023/03/27 10:41, 15872.00, 15884.00, 15793.00, 15814.00, 73887
2023/03/27 12:37, 15815.00, 15893.00, 15809.00, 15859.00, 36708
2023/03/27 13:45, 15859.00, 15860.00, 15816.00, 15829.00, 17828
2023/03/27 16:56, 15817.00, 15832.00, 15723.00, 15756.00, 32012
2023/03/27 18:52, 15758.00, 15787.00, 15752.00, 15787.00, 11111
2023/03/27 20:48, 15787.00, 15790.00, 15763.00, 15775.00, 8460
2023/03/27 22:44, 15776.00, 15806.00, 15745.00, 15755.00, 24855
2023/03/28 00:40, 15755.00, 15773.00, 15731.00, 15753.00, 17758
2023/03/28 02:36, 15752.00, 15772.00, 15745.00, 15771.00, 4710
2023/03/28 04:32, 15771.00, 15792.00, 15744.00, 15767.00, 5693
2023/03/28 05:00, 15767.00, 15768.00, 15757.00, 15760.00, 749
2023/03/28 10:41, 15797.00, 15835.00, 15662.00, 15687.00, 100687
2023/03/28 12:37, 15686.00, 15714.00, 15656.00, 15680.00, 28793
2023/03/28 13:45, 15679.00, 15692.00, 15655.00, 15689.00, 16610
2023/03/28 16:56, 15709.00, 15715.00, 15669.00, 15681.00, 14862
2023/03/28 18:52, 15682.00, 15698.00, 15675.00, 15684.00, 6858
2023/03/28 20:48, 15684.00, 15719.00, 15682.00, 15696.00, 9300
2023/03/28 22:44, 15696.00, 15703.00, 15660.00, 15665.00, 19251
2023/03/29 00:40, 15664.00, 15699.00, 15663.00, 15684.00, 11906
2023/03/29 02:36, 15684.00, 15689.00, 15642.00, 15655.00, 7172
2023/03/29 04:32, 15655.00, 15709.00, 15653.00, 15706.00, 5458
2023/03/29 05:00, 15706.00, 15709.00, 15690.00, 15692.00, 848
2023/03/29 10:41, 15730.00, 15787.00, 15709.00, 15716.00, 77030
2023/03/29 12:37, 15715.00, 15722.00, 15652.00, 15709.00, 38428
2023/03/29 13:45, 15709.00, 15743.00, 15706.00, 15738.00, 16474
2023/03/29 16:56, 15750.00, 15782.00, 15741.00, 15775.00, 14102
2023/03/29 18:52, 15775.00, 15796.00, 15774.00, 15785.00, 9077
2023/03/29 20:48, 15786.00, 15804.00, 15776.00, 15789.00, 8118
2023/03/29 22:44, 15789.00, 15825.00, 15788.00, 15807.00, 20762
2023/03/30 00:40, 15808.00, 15828.00, 15790.00, 15825.00, 13602
2023/03/30 02:36, 15825.00, 15825.00, 15804.00, 15818.00, 4329
2023/03/30 04:32, 15818.00, 15847.00, 15813.00, 15845.00, 6247
2023/03/30 05:00, 15846.00, 15849.00, 15840.00, 15843.00, 1241
2023/03/30 10:41, 15824.00, 15862.00, 15797.00, 15817.00, 75774
2023/03/30 12:37, 15816.00, 15839.00, 15761.00, 15819.00, 49994
2023/03/30 13:45, 15819.00, 15834.00, 15815.00, 15819.00, 11874
2023/03/30 16:56, 15833.00, 15859.00, 15820.00, 15858.00, 11848
2023/03/30 18:52, 15858.00, 15876.00, 15854.00, 15872.00, 7589
2023/03/30 20:48, 15872.00, 15885.00, 15862.00, 15881.00, 8646
2023/03/30 22:44, 15882.00, 15892.00, 15852.00, 15884.00, 21618
2023/03/31 00:40, 15883.00, 15888.00, 15847.00, 15850.00, 13402
2023/03/31 02:36, 15850.00, 15870.00, 15838.00, 15867.00, 7879
2023/03/31 04:32, 15867.00, 15879.00, 15860.00, 15870.00, 3167
2023/03/31 05:00, 15870.00, 15874.00, 15863.00, 15864.00, 699
2023/03/31 10:41, 15880.00, 15966.00, 15875.00, 15894.00, 93231
2023/03/31 12:37, 15894.00, 15898.00, 15860.00, 15887.00, 34499
2023/03/31 13:45, 15887.00, 15888.00, 15861.00, 15864.00, 15498
2023/03/31 16:56, 15850.00, 15852.00, 15809.00, 15832.00, 16883
2023/03/31 18:52, 15831.00, 15850.00, 15822.00, 15847.00, 6550
2023/03/31 20:48, 15847.00, 15877.00, 15836.00, 15856.00, 10211
2023/03/31 22:44, 15857.00, 15910.00, 15851.00, 15903.00, 18139
2023/04/01 00:40, 15902.00, 15924.00, 15888.00, 15912.00, 11910
2023/04/01 02:36, 15912.00, 15919.00, 15882.00, 15895.00, 7645
2023/04/01 04:32, 15895.00, 15923.00, 15892.00, 15922.00, 4964
2023/04/01 05:00, 15921.00, 15928.00, 15917.00, 15920.00, 1918
2023/04/06 10:41, 15785.00, 15793.00, 15701.00, 15780.00, 90419
2023/04/06 12:37, 15780.00, 15786.00, 15757.00, 15772.00, 15657
2023/04/06 13:45, 15771.00, 15783.00, 15759.00, 15762.00, 11715
2023/04/06 16:56, 15781.00, 15811.00, 15777.00, 15796.00, 12329
2023/04/06 18:52, 15796.00, 15800.00, 15775.00, 15793.00, 5170
2023/04/06 20:48, 15793.00, 15817.00, 15792.00, 15795.00, 8312
2023/04/06 22:44, 15795.00, 15798.00, 15750.00, 15775.00, 26401
2023/04/07 00:40, 15775.00, 15843.00, 15774.00, 15837.00, 17115
2023/04/07 02:36, 15837.00, 15845.00, 15825.00, 15840.00, 5320
2023/04/07 04:32, 15840.00, 15844.00, 15811.00, 15818.00, 3521
2023/04/07 05:00, 15818.00, 15823.00, 15816.00, 15821.00, 693
2023/04/07 10:41, 15844.00, 15870.00, 15806.00, 15815.00, 61968
2023/04/07 12:37, 15815.00, 15835.00, 15796.00, 15819.00, 23885
2023/04/07 13:45, 15819.00, 15830.00, 15803.00, 15818.00, 10020
2023/04/07 16:56, 15812.00, 15828.00, 15806.00, 15825.00, 5061
2023/04/07 18:52, 15825.00, 15833.00, 15822.00, 15829.00, 2973
2023/04/07 20:48, 15829.00, 15832.00, 15812.00, 15828.00, 6539
2023/04/07 22:44, 15828.00, 15835.00, 15822.00, 15826.00, 3784
2023/04/08 00:40, 15826.00, 15829.00, 15821.00, 15824.00, 1643
2023/04/08 02:36, 15824.00, 15829.00, 15822.00, 15826.00, 826
2023/04/08 04:32, 15826.00, 15830.00, 15821.00, 15823.00, 1074
2023/04/08 05:00, 15824.00, 15828.00, 15822.00, 15825.00, 403
2023/04/10 10:41, 15835.00, 15926.00, 15828.00, 15858.00, 78430
2023/04/10 12:37, 15858.00, 15884.00, 15852.00, 15869.00, 18211
2023/04/10 13:45, 15869.00, 15872.00, 15848.00, 15851.00, 10237
2023/04/10 16:56, 15843.00, 15864.00, 15837.00, 15858.00, 5380
2023/04/10 18:52, 15859.00, 15866.00, 15858.00, 15861.00, 1966
2023/04/10 20:48, 15861.00, 15862.00, 15777.00, 15782.00, 22561
2023/04/10 22:44, 15782.00, 15783.00, 15732.00, 15769.00, 32009
2023/04/11 00:40, 15769.00, 15792.00, 15759.00, 15790.00, 15101
2023/04/11 02:36, 15790.00, 15803.00, 15785.00, 15796.00, 6597
2023/04/11 04:32, 15797.00, 15831.00, 15791.00, 15828.00, 5745
2023/04/11 05:00, 15828.00, 15830.00, 15816.00, 15817.00, 948
2023/04/11 10:41, 15829.00, 15953.00, 15826.00, 15939.00, 87828
2023/04/11 12:37, 15939.00, 15962.00, 15906.00, 15911.00, 29489
2023/04/11 13:45, 15912.00, 15926.00, 15902.00, 15924.00, 14117
2023/04/11 16:56, 15931.00, 15941.00, 15914.00, 15939.00, 8156
2023/04/11 18:52, 15939.00, 15954.00, 15938.00, 15939.00, 6066
2023/04/11 20:48, 15939.00, 15945.00, 15921.00, 15942.00, 7804
2023/04/11 22:44, 15941.00, 15966.00, 15931.00, 15947.00, 17206
2023/04/12 00:40, 15946.00, 15951.00, 15928.00, 15934.00, 12232
2023/04/12 02:36, 15934.00, 15954.00, 15933.00, 15952.00, 3030
2023/04/12 04:32, 15953.00, 15956.00, 15930.00, 15934.00, 2648
2023/04/12 05:00, 15934.00, 15937.00, 15931.00, 15936.00, 772
2023/04/12 10:41, 15958.00, 15961.00, 15866.00, 15915.00, 64963
2023/04/12 12:37, 15915.00, 15935.00, 15904.00, 15922.00, 19707
2023/04/12 13:45, 15922.00, 15939.00, 15919.00, 15925.00, 11694
2023/04/12 16:56, 15912.00, 15942.00, 15908.00, 15934.00, 7104
2023/04/12 18:52, 15933.00, 15940.00, 15923.00, 15936.00, 3443
2023/04/12 20:48, 15936.00, 16003.00, 15931.00, 15979.00, 20904
2023/04/12 22:44, 15980.00, 15995.00, 15936.00, 15946.00, 38710
2023/04/13 00:40, 15946.00, 15954.00, 15877.00, 15932.00, 33058
2023/04/13 02:36, 15933.00, 15946.00, 15894.00, 15899.00, 12046
2023/04/13 04:32, 15899.00, 15905.00, 15868.00, 15876.00, 9410
2023/04/13 05:00, 15875.00, 15883.00, 15873.00, 15882.00, 1161
2023/04/13 10:41, 15866.00, 15903.00, 15827.00, 15895.00, 84520
2023/04/13 12:37, 15893.00, 15900.00, 15837.00, 15843.00, 29074
2023/04/13 13:45, 15842.00, 15843.00, 15808.00, 15816.00, 20744
2023/04/13 16:56, 15830.00, 15843.00, 15822.00, 15831.00, 11175
2023/04/13 18:52, 15831.00, 15837.00, 15782.00, 15789.00, 12669
2023/04/13 20:48, 15789.00, 15832.00, 15783.00, 15820.00, 14209
2023/04/13 22:44, 15820.00, 15864.00, 15816.00, 15856.00, 26441
2023/04/14 00:40, 15855.00, 15880.00, 15851.00, 15876.00, 12113
2023/04/14 02:36, 15877.00, 15905.00, 15872.00, 15901.00, 7307
2023/04/14 04:32, 15900.00, 15912.00, 15888.00, 15892.00, 3980
2023/04/14 05:00, 15892.00, 15894.00, 15886.00, 15892.00, 1168
2023/04/14 10:41, 15885.00, 15919.00, 15855.00, 15916.00, 80772
2023/04/14 12:37, 15915.00, 15994.00, 15898.00, 15983.00, 43169
2023/04/14 13:45, 15983.00, 15984.00, 15940.00, 15948.00, 16189
2023/04/14 16:56, 15946.00, 15965.00, 15938.00, 15948.00, 9265
2023/04/14 18:52, 15948.00, 15965.00, 15943.00, 15961.00, 4549
2023/04/14 20:48, 15961.00, 15965.00, 15936.00, 15939.00, 8512
2023/04/14 22:44, 15938.00, 15969.00, 15914.00, 15924.00, 30427
2023/04/15 00:40, 15924.00, 15928.00, 15888.00, 15890.00, 19470
2023/04/15 02:36, 15890.00, 15926.00, 15875.00, 15925.00, 13890
2023/04/15 04:32, 15924.00, 15934.00, 15891.00, 15928.00, 6162
2023/04/15 05:00, 15928.00, 15930.00, 15922.00, 15924.00, 1003
2023/04/17 10:41, 15919.00, 15958.00, 15877.00, 15956.00, 63148
2023/04/17 12:37, 15957.00, 15958.00, 15906.00, 15919.00, 22546
2023/04/17 13:45, 15918.00, 15973.00, 15918.00, 15970.00, 14762
2023/04/17 16:56, 15972.00, 15980.00, 15948.00, 15953.00, 9516
2023/04/17 18:52, 15952.00, 15965.00, 15943.00, 15961.00, 5309
2023/04/17 20:48, 15960.00, 15967.00, 15947.00, 15952.00, 5044
2023/04/17 22:44, 15951.00, 15962.00, 15925.00, 15932.00, 14997
2023/04/18 00:40, 15931.00, 15940.00, 15918.00, 15929.00, 9502
2023/04/18 02:36, 15929.00, 15945.00, 15927.00, 15938.00, 3960
2023/04/18 04:32, 15939.00, 15972.00, 15938.00, 15967.00, 5088
2023/04/18 05:00, 15966.00, 15968.00, 15962.00, 15963.00, 766
2023/04/18 10:41, 15932.00, 15953.00, 15882.00, 15938.00, 64392
2023/04/18 12:37, 15938.00, 15963.00, 15881.00, 15886.00, 33246
2023/04/18 13:45, 15887.00, 15895.00, 15862.00, 15891.00, 21328
2023/04/18 16:56, 15891.00, 15909.00, 15884.00, 15906.00, 6339
2023/04/18 18:52, 15905.00, 15925.00, 15902.00, 15923.00, 5529
2023/04/18 20:48, 15923.00, 15928.00, 15912.00, 15923.00, 4647
2023/04/18 22:44, 15924.00, 15942.00, 15891.00, 15905.00, 19698
2023/04/19 00:40, 15907.00, 15918.00, 15888.00, 15910.00, 10103
2023/04/19 02:36, 15910.00, 15917.00, 15899.00, 15912.00, 3046
2023/04/19 04:32, 15911.00, 15914.00, 15893.00, 15911.00, 2476
2023/04/19 05:00, 15911.00, 15911.00, 15901.00, 15904.00, 689
2023/04/19 10:41, 15890.00, 15923.00, 15848.00, 15855.00, 47636
2023/04/19 12:37, 15856.00, 15866.00, 15787.00, 15788.00, 25987
2023/04/19 13:30, 15789.00, 15789.00, 15750.00, 15775.00, 15405
2023/04/19 16:56, 15775.00, 15775.00, 15719.00, 15737.00, 19086
2023/04/19 18:52, 15737.00, 15737.00, 15708.00, 15725.00, 11284
2023/04/19 20:48, 15725.00, 15736.00, 15718.00, 15723.00, 8215
2023/04/19 22:44, 15723.00, 15760.00, 15722.00, 15760.00, 18071
2023/04/20 00:40, 15759.00, 15773.00, 15751.00, 15765.00, 12973
2023/04/20 02:36, 15765.00, 15778.00, 15756.00, 15757.00, 5754
2023/04/20 04:32, 15758.00, 15767.00, 15747.00, 15751.00, 2794
2023/04/20 05:00, 15751.00, 15755.00, 15748.00, 15755.00, 624
2023/04/20 10:41, 15733.00, 15797.00, 15682.00, 15732.00, 110899
2023/04/20 12:37, 15731.00, 15758.00, 15684.00, 15748.00, 41912
2023/04/20 13:45, 15748.00, 15753.00, 15713.00, 15731.00, 20328
2023/04/20 16:56, 15760.00, 15763.00, 15697.00, 15714.00, 19263
2023/04/20 18:52, 15714.00, 15725.00, 15699.00, 15724.00, 6859
2023/04/20 20:48, 15723.00, 15728.00, 15703.00, 15723.00, 7768
2023/04/20 22:44, 15724.00, 15789.00, 15719.00, 15769.00, 38054
2023/04/21 00:40, 15770.00, 15776.00, 15747.00, 15771.00, 15001
2023/04/21 02:36, 15770.00, 15794.00, 15755.00, 15755.00, 8800
2023/04/21 04:32, 15755.00, 15762.00, 15727.00, 15753.00, 9590
2023/04/21 05:00, 15753.00, 15758.00, 15753.00, 15756.00, 645
2023/04/21 10:41, 15756.00, 15778.00, 15627.00, 15648.00, 101601
2023/04/21 12:37, 15647.00, 15696.00, 15620.00, 15636.00, 47108
2023/04/21 13:45, 15635.00, 15640.00, 15602.00, 15614.00, 26000
2023/04/21 16:56, 15611.00, 15642.00, 15607.00, 15639.00, 13411
2023/04/21 18:52, 15638.00, 15646.00, 15616.00, 15618.00, 7893
2023/04/21 20:48, 15618.00, 15636.00, 15612.00, 15632.00, 5636
2023/04/21 22:44, 15633.00, 15641.00, 15575.00, 15600.00, 31950
2023/04/22 00:40, 15601.00, 15628.00, 15587.00, 15611.00, 17601
2023/04/22 02:36, 15612.00, 15625.00, 15604.00, 15612.00, 5508
2023/04/22 04:32, 15612.00, 15615.00, 15592.00, 15600.00, 3802
2023/04/22 05:00, 15600.00, 15603.00, 15590.00, 15590.00, 1116
2023/04/24 10:41, 15550.00, 15655.00, 15543.00, 15616.00, 82367
2023/04/24 12:37, 15616.00, 15632.00, 15594.00, 15613.00, 25961
2023/04/24 13:45, 15615.00, 15632.00, 15607.00, 15620.00, 11608
2023/04/24 16:56, 15628.00, 15647.00, 15613.00, 15634.00, 8305
2023/04/24 18:52, 15635.00, 15660.00, 15634.00, 15647.00, 5835
2023/04/24 20:48, 15646.00, 15665.00, 15646.00, 15654.00, 5473
2023/04/24 22:44, 15655.00, 15670.00, 15632.00, 15636.00, 15310
2023/04/25 00:40, 15636.00, 15642.00, 15618.00, 15638.00, 12230
2023/04/25 02:36, 15639.00, 15648.00, 15631.00, 15638.00, 3231
2023/04/25 04:32, 15637.00, 15654.00, 15634.00, 15647.00, 1826
2023/04/25 05:00, 15647.00, 15648.00, 15630.00, 15635.00, 912
2023/04/25 10:41, 15640.00, 15662.00, 15461.00, 15464.00, 102006
2023/04/25 12:37, 15464.00, 15475.00, 15376.00, 15376.00, 62009
2023/04/25 13:45, 15376.00, 15397.00, 15369.00, 15389.00, 24084
2023/04/25 16:56, 15391.00, 15400.00, 15366.00, 15388.00, 12858
2023/04/25 18:52, 15388.00, 15398.00, 15380.00, 15389.00, 3975
2023/04/25 20:48, 15388.00, 15395.00, 15380.00, 15389.00, 3488
2023/04/25 22:44, 15389.00, 15392.00, 15342.00, 15346.00, 20926
2023/04/26 00:40, 15346.00, 15377.00, 15343.00, 15354.00, 13224
2023/04/26 02:36, 15354.00, 15359.00, 15292.00, 15313.00, 11802
2023/04/26 04:32, 15313.00, 15332.00, 15287.00, 15326.00, 8138
2023/04/26 05:00, 15326.00, 15329.00, 15319.00, 15319.00, 1083
2023/04/26 10:41, 15395.00, 15410.00, 15312.00, 15387.00, 100296
2023/04/26 12:37, 15389.00, 15399.00, 15327.00, 15356.00, 31600
2023/04/26 13:45, 15356.00, 15397.00, 15347.00, 15376.00, 17266
2023/04/26 16:56, 15376.00, 15378.00, 15342.00, 15367.00, 10764
2023/04/26 18:52, 15367.00, 15376.00, 15356.00, 15360.00, 5042
2023/04/26 20:48, 15359.00, 15380.00, 15341.00, 15377.00, 9178
2023/04/26 22:44, 15377.00, 15390.00, 15337.00, 15358.00, 20725
2023/04/27 00:40, 15357.00, 15378.00, 15354.00, 15361.00, 9918
2023/04/27 02:36, 15361.00, 15366.00, 15332.00, 15341.00, 5752
2023/04/27 04:32, 15341.00, 15357.00, 15320.00, 15354.00, 5586
2023/04/27 05:00, 15354.00, 15360.00, 15353.00, 15357.00, 856
2023/04/27 10:41, 15336.00, 15460.00, 15305.00, 15443.00, 95447
2023/04/27 12:37, 15442.00, 15447.00, 15397.00, 15428.00, 32808
2023/04/27 13:45, 15428.00, 15428.00, 15383.00, 15426.00, 20630
2023/04/27 16:56, 15442.00, 15448.00, 15423.00, 15436.00, 9460
2023/04/27 18:52, 15435.00, 15438.00, 15420.00, 15433.00, 4936
2023/04/27 20:48, 15433.00, 15458.00, 15430.00, 15442.00, 9834
2023/04/27 22:44, 15441.00, 15475.00, 15436.00, 15470.00, 22542
2023/04/28 00:40, 15471.00, 15505.00, 15461.00, 15494.00, 15421
2023/04/28 02:36, 15494.00, 15529.00, 15489.00, 15528.00, 6800
2023/04/28 04:32, 15528.00, 15543.00, 15517.00, 15524.00, 6369
2023/04/28 05:00, 15523.00, 15537.00, 15522.00, 15532.00, 1433
2023/04/28 10:41, 15523.00, 15596.00, 15507.00, 15541.00, 93753
2023/04/28 12:37, 15541.00, 15554.00, 15498.00, 15525.00, 33982
2023/04/28 13:45, 15526.00, 15575.00, 15525.00, 15572.00, 19878
2023/04/28 16:56, 15568.00, 15571.00, 15538.00, 15539.00, 10712
2023/04/28 18:52, 15539.00, 15562.00, 15531.00, 15552.00, 7694
2023/04/28 20:48, 15552.00, 15582.00, 15549.00, 15573.00, 7823
2023/04/28 22:44, 15573.00, 15613.00, 15566.00, 15594.00, 21780
2023/04/29 00:40, 15595.00, 15615.00, 15575.00, 15605.00, 14590
2023/04/29 02:36, 15606.00, 15622.00, 15604.00, 15616.00, 5535
2023/04/29 04:32, 15616.00, 15626.00, 15606.00, 15620.00, 3726
2023/04/29 05:00, 15620.00, 15625.00, 15618.00, 15620.00, 1240
2023/05/02 10:41, 15627.00, 15671.00, 15551.00, 15629.00, 93688
2023/05/02 12:37, 15630.00, 15665.00, 15621.00, 15622.00, 27260
2023/05/02 13:45, 15622.00, 15643.00, 15620.00, 15635.00, 10767
2023/05/02 16:56, 15650.00, 15654.00, 15629.00, 15632.00, 7253
2023/05/02 18:52, 15633.00, 15644.00, 15630.00, 15638.00, 2280
2023/05/02 20:48, 15638.00, 15645.00, 15626.00, 15635.00, 3354
2023/05/02 22:44, 15634.00, 15637.00, 15533.00, 15537.00, 32976
2023/05/03 00:40, 15536.00, 15543.00, 15504.00, 15536.00, 27705
2023/05/03 02:36, 15536.00, 15556.00, 15528.00, 15538.00, 6802
2023/05/03 04:32, 15536.00, 15554.00, 15535.00, 15544.00, 2781
2023/05/03 05:00, 15545.00, 15548.00, 15540.00, 15542.00, 1015
2023/05/03 10:41, 15559.00, 15595.00, 15531.00, 15568.00, 71113
2023/05/03 12:37, 15569.00, 15577.00, 15523.00, 15563.00, 27237
2023/05/03 13:45, 15564.00, 15578.00, 15548.00, 15549.00, 12161
2023/05/03 16:56, 15553.00, 15575.00, 15552.00, 15570.00, 7475
2023/05/03 18:52, 15570.00, 15583.00, 15569.00, 15569.00, 4550
2023/05/03 20:48, 15569.00, 15579.00, 15555.00, 15557.00, 5334
2023/05/03 22:44, 15557.00, 15583.00, 15544.00, 15545.00, 14588
2023/05/04 00:40, 15545.00, 15563.00, 15534.00, 15556.00, 12872
2023/05/04 02:36, 15556.00, 15606.00, 15547.00, 15561.00, 13187
2023/05/04 04:32, 15561.00, 15615.00, 15500.00, 15506.00, 23791
2023/05/04 05:00, 15505.00, 15511.00, 15488.00, 15501.00, 2651
2023/05/04 10:41, 15496.00, 15581.00, 15489.00, 15561.00, 78360
2023/05/04 12:37, 15562.00, 15608.00, 15559.00, 15600.00, 29164
2023/05/04 13:45, 15600.00, 15619.00, 15596.00, 15607.00, 14810
2023/05/04 16:56, 15614.00, 15616.00, 15588.00, 15605.00, 9382
2023/05/04 18:52, 15605.00, 15608.00, 15589.00, 15592.00, 5262
2023/05/04 20:48, 15592.00, 15599.00, 15574.00, 15593.00, 9725
2023/05/04 22:44, 15593.00, 15598.00, 15561.00, 15566.00, 21245
2023/05/05 00:40, 15566.00, 15574.00, 15527.00, 15545.00, 23305
2023/05/05 02:36, 15545.00, 15579.00, 15541.00, 15559.00, 8703
2023/05/05 04:32, 15558.00, 15575.00, 15549.00, 15570.00, 3997
2023/05/05 05:00, 15571.00, 15577.00, 15566.00, 15573.00, 1238
2023/05/05 10:41, 15598.00, 15696.00, 15576.00, 15599.00, 101079
2023/05/05 12:37, 15599.00, 15638.00, 15598.00, 15627.00, 25092
2023/05/05 13:45, 15628.00, 15650.00, 15627.00, 15642.00, 13076
2023/05/05 16:56, 15645.00, 15654.00, 15628.00, 15644.00, 7577
2023/05/05 18:52, 15644.00, 15651.00, 15634.00, 15648.00, 3415
2023/05/05 20:48, 15649.00, 15663.00, 15638.00, 15655.00, 8302
2023/05/05 22:44, 15655.00, 15722.00, 15647.00, 15713.00, 25216
2023/05/06 00:40, 15713.00, 15735.00, 15708.00, 15723.00, 15920
2023/05/06 02:36, 15722.00, 15757.00, 15716.00, 15757.00, 7510
2023/05/06 04:32, 15758.00, 15779.00, 15752.00, 15753.00, 7686
2023/05/06 05:00, 15753.00, 15759.00, 15752.00, 15755.00, 1489
2023/05/08 10:41, 15760.00, 15777.00, 15708.00, 15732.00, 75705
2023/05/08 12:37, 15732.00, 15749.00, 15713.00, 15737.00, 19099
2023/05/08 13:45, 15736.00, 15744.00, 15705.00, 15723.00, 14235
2023/05/08 16:56, 15728.00, 15736.00, 15720.00, 15726.00, 4040
2023/05/08 18:52, 15726.00, 15746.00, 15722.00, 15742.00, 4443
2023/05/08 20:48, 15741.00, 15749.00, 15732.00, 15734.00, 3623
2023/05/08 22:44, 15734.00, 15737.00, 15698.00, 15708.00, 18320
2023/05/09 00:40, 15708.00, 15725.00, 15704.00, 15723.00, 9341
2023/05/09 02:36, 15723.00, 15733.00, 15701.00, 15731.00, 5167
2023/05/09 04:32, 15733.00, 15742.00, 15727.00, 15733.00, 3623
2023/05/09 05:00, 15732.00, 15737.00, 15731.00, 15735.00, 687
2023/05/09 10:41, 15711.00, 15745.00, 15652.00, 15684.00, 77066
2023/05/09 12:37, 15683.00, 15738.00, 15681.00, 15735.00, 30600
2023/05/09 13:45, 15734.00, 15738.00, 15717.00, 15736.00, 11412
2023/05/09 16:56, 15728.00, 15730.00, 15706.00, 15710.00, 8868
2023/05/09 18:52, 15710.00, 15716.00, 15706.00, 15713.00, 2967
2023/05/09 20:48, 15712.00, 15716.00, 15696.00, 15701.00, 5338
2023/05/09 22:44, 15700.00, 15709.00, 15684.00, 15696.00, 16259
2023/05/10 00:40, 15697.00, 15699.00, 15674.00, 15674.00, 8973
2023/05/10 02:36, 15674.00, 15704.00, 15672.00, 15699.00, 4707
2023/05/10 04:32, 15699.00, 15701.00, 15681.00, 15692.00, 2518
2023/05/10 05:00, 15693.00, 15700.00, 15692.00, 15696.00, 670
2023/05/10 10:41, 15693.00, 15702.00, 15598.00, 15625.00, 78127
2023/05/10 12:37, 15624.00, 15625.00, 15581.00, 15595.00, 34036
2023/05/10 13:45, 15595.00, 15631.00, 15595.00, 15610.00, 19659
2023/05/10 16:56, 15590.00, 15617.00, 15567.00, 15585.00, 15713
2023/05/10 18:52, 15585.00, 15594.00, 15577.00, 15588.00, 4124
2023/05/10 20:48, 15588.00, 15655.00, 15587.00, 15645.00, 18549
2023/05/10 22:44, 15646.00, 15663.00, 15616.00, 15631.00, 31508
2023/05/11 00:40, 15631.00, 15646.00, 15612.00, 15630.00, 13212
2023/05/11 02:36, 15630.00, 15635.00, 15585.00, 15634.00, 10821
2023/05/11 04:32, 15634.00, 15658.00, 15632.00, 15643.00, 5500
2023/05/11 05:00, 15642.00, 15644.00, 15638.00, 15642.00, 801
2023/05/11 10:41, 15653.00, 15683.00, 15535.00, 15560.00, 95649
2023/05/11 12:37, 15560.00, 15593.00, 15535.00, 15544.00, 36990
2023/05/11 13:45, 15543.00, 15547.00, 15516.00, 15519.00, 20006
2023/05/11 16:56, 15508.00, 15532.00, 15500.00, 15515.00, 9222
2023/05/11 18:52, 15515.00, 15532.00, 15515.00, 15523.00, 3362
2023/05/11 20:48, 15523.00, 15523.00, 15480.00, 15487.00, 17807
2023/05/11 22:44, 15487.00, 15492.00, 15406.00, 15406.00, 35292
2023/05/12 00:40, 15406.00, 15453.00, 15405.00, 15443.00, 17109
2023/05/12 02:36, 15443.00, 15457.00, 15423.00, 15455.00, 6163
2023/05/12 04:32, 15455.00, 15467.00, 15453.00, 15457.00, 4087
2023/05/12 05:00, 15458.00, 15461.00, 15449.00, 15453.00, 808
2023/05/12 10:41, 15454.00, 15484.00, 15420.00, 15462.00, 78720
2023/05/12 12:37, 15461.00, 15558.00, 15459.00, 15554.00, 42327
2023/05/12 13:45, 15554.00, 15558.00, 15504.00, 15506.00, 18696
2023/05/12 16:56, 15506.00, 15528.00, 15496.00, 15523.00, 8708
2023/05/12 18:52, 15523.00, 15535.00, 15514.00, 15526.00, 4299
2023/05/12 20:48, 15526.00, 15527.00, 15507.00, 15517.00, 4031
2023/05/12 22:44, 15516.00, 15519.00, 15451.00, 15467.00, 23993
2023/05/13 00:40, 15468.00, 15478.00, 15430.00, 15437.00, 18727
2023/05/13 02:36, 15436.00, 15449.00, 15415.00, 15430.00, 11692
2023/05/13 04:32, 15430.00, 15458.00, 15424.00, 15454.00, 5134
2023/05/13 05:00, 15454.00, 15456.00, 15449.00, 15451.00, 1027
2023/05/15 10:41, 15438.00, 15508.00, 15426.00, 15452.00, 74190
2023/05/15 12:37, 15452.00, 15492.00, 15430.00, 15479.00, 29567
2023/05/15 13:45, 15480.00, 15522.00, 15469.00, 15510.00, 20665
2023/05/15 16:56, 15527.00, 15548.00, 15522.00, 15534.00, 8657
2023/05/15 18:52, 15534.00, 15542.00, 15526.00, 15537.00, 2958
2023/05/15 20:48, 15537.00, 15549.00, 15517.00, 15523.00, 6823
2023/05/15 22:44, 15523.00, 15542.00, 15505.00, 15540.00, 14621
2023/05/16 00:40, 15540.00, 15581.00, 15536.00, 15573.00, 17574
2023/05/16 02:36, 15573.00, 15607.00, 15572.00, 15597.00, 9247
2023/05/16 04:32, 15597.00, 15609.00, 15594.00, 15597.00, 2852
2023/05/16 05:00, 15597.00, 15600.00, 15587.00, 15589.00, 1169
2023/05/16 10:41, 15602.00, 15687.00, 15593.00, 15671.00, 74377
2023/05/16 12:37, 15672.00, 15723.00, 15664.00, 15720.00, 23719
2023/05/16 13:45, 15720.00, 15723.00, 15681.00, 15690.00, 15447
2023/05/16 16:56, 15701.00, 15738.00, 15685.00, 15727.00, 10269
2023/05/16 18:52, 15727.00, 15735.00, 15712.00, 15716.00, 4275
2023/05/16 20:48, 15717.00, 15724.00, 15703.00, 15712.00, 4978
2023/05/16 22:44, 15712.00, 15727.00, 15686.00, 15700.00, 17944
2023/05/17 00:40, 15700.00, 15717.00, 15696.00, 15713.00, 7263
2023/05/17 02:36, 15714.00, 15717.00, 15700.00, 15704.00, 2329
2023/05/17 04:32, 15705.00, 15712.00, 15692.00, 15699.00, 2542
2023/05/17 05:00, 15699.00, 15710.00, 15696.00, 15710.00, 831
2023/05/17 10:41, 15724.00, 15855.00, 15711.00, 15845.00, 54679
2023/05/17 12:37, 15846.00, 15948.00, 15842.00, 15932.00, 29992
2023/05/17 13:30, 15931.00, 15973.00, 15927.00, 15953.00, 15518
2023/05/17 16:56, 15877.00, 15898.00, 15862.00, 15885.00, 15688
2023/05/17 18:52, 15886.00, 15895.00, 15882.00, 15887.00, 3685
2023/05/17 20:48, 15887.00, 15926.00, 15884.00, 15908.00, 10320
2023/05/17 22:44, 15908.00, 15934.00, 15890.00, 15918.00, 18912
2023/05/18 00:40, 15918.00, 15965.00, 15909.00, 15964.00, 15598
2023/05/18 02:36, 15965.00, 16003.00, 15960.00, 15992.00, 14644
2023/05/18 04:32, 15993.00, 16010.00, 15987.00, 16002.00, 4319
2023/05/18 05:00, 16002.00, 16015.00, 15998.00, 16011.00, 1234
2023/05/18 10:41, 16034.00, 16049.00, 15960.00, 16021.00, 93206
2023/05/18 12:37, 16021.00, 16084.00, 16017.00, 16057.00, 35262
2023/05/18 13:45, 16055.00, 16080.00, 16035.00, 16069.00, 16787
2023/05/18 16:56, 16067.00, 16150.00, 16063.00, 16130.00, 21403
2023/05/18 18:52, 16130.00, 16148.00, 16115.00, 16144.00, 7699
2023/05/18 20:48, 16144.00, 16157.00, 16106.00, 16117.00, 10336
2023/05/18 22:44, 16117.00, 16122.00, 16071.00, 16101.00, 31538
2023/05/19 00:40, 16102.00, 16150.00, 16092.00, 16102.00, 21226
2023/05/19 02:36, 16102.00, 16127.00, 16088.00, 16115.00, 7398
2023/05/19 04:32, 16115.00, 16145.00, 16110.00, 16137.00, 4027
2023/05/19 05:00, 16138.00, 16147.00, 16135.00, 16141.00, 953
2023/05/19 10:41, 16150.00, 16161.00, 16068.00, 16087.00, 73890
2023/05/19 12:37, 16087.00, 16149.00, 16083.00, 16126.00, 29978
2023/05/19 13:45, 16124.00, 16134.00, 16102.00, 16127.00, 12080
2023/05/19 16:56, 16122.00, 16132.00, 16108.00, 16132.00, 6472
2023/05/19 18:52, 16131.00, 16138.00, 16124.00, 16124.00, 3946
2023/05/19 20:48, 16125.00, 16135.00, 16122.00, 16132.00, 3132
2023/05/19 22:44, 16133.00, 16136.00, 16102.00, 16112.00, 11660
2023/05/20 00:40, 16112.00, 16118.00, 16080.00, 16090.00, 18009
2023/05/20 02:36, 16090.00, 16108.00, 16081.00, 16088.00, 5879
2023/05/20 04:32, 16088.00, 16112.00, 16086.00, 16105.00, 2781
2023/05/20 05:00, 16105.00, 16109.00, 16103.00, 16103.00, 607
2023/05/22 10:41, 16128.00, 16157.00, 16091.00, 16117.00, 62968
2023/05/22 12:37, 16118.00, 16135.00, 16103.00, 16105.00, 16516
2023/05/22 13:45, 16104.00, 16128.00, 16101.00, 16115.00, 9343
2023/05/22 16:56, 16110.00, 16127.00, 16109.00, 16125.00, 3983
2023/05/22 18:52, 16125.00, 16128.00, 16113.00, 16114.00, 2264
2023/05/22 20:48, 16114.00, 16125.00, 16106.00, 16115.00, 3827
2023/05/22 22:44, 16116.00, 16145.00, 16113.00, 16132.00, 14166
2023/05/23 00:40, 16132.00, 16138.00, 16118.00, 16121.00, 6453
2023/05/23 02:36, 16122.00, 16135.00, 16111.00, 16131.00, 2861
2023/05/23 04:32, 16131.00, 16140.00, 16117.00, 16120.00, 2140
2023/05/23 05:00, 16120.00, 16123.00, 16118.00, 16118.00, 474
2023/05/23 10:41, 16144.00, 16179.00, 16072.00, 16164.00, 81439
2023/05/23 12:37, 16165.00, 16195.00, 16097.00, 16121.00, 45942
2023/05/23 13:45, 16121.00, 16140.00, 16117.00, 16135.00, 10241
2023/05/23 16:56, 16125.00, 16131.00, 16114.00, 16125.00, 5275
2023/05/23 18:52, 16125.00, 16125.00, 16111.00, 16118.00, 3273
2023/05/23 20:48, 16119.00, 16119.00, 16080.00, 16088.00, 9489
2023/05/23 22:44, 16087.00, 16103.00, 16064.00, 16093.00, 19334
2023/05/24 00:40, 16093.00, 16098.00, 16060.00, 16064.00, 9138
2023/05/24 02:36, 16065.00, 16076.00, 16029.00, 16035.00, 11388
2023/05/24 04:32, 16035.00, 16037.00, 16010.00, 16028.00, 6215
2023/05/24 05:00, 16029.00, 16042.00, 16025.00, 16039.00, 1191
2023/05/24 10:41, 16049.00, 16086.00, 16023.00, 16028.00, 67691
2023/05/24 12:37, 16028.00, 16049.00, 16005.00, 16046.00, 29209
2023/05/24 13:45, 16046.00, 16092.00, 16038.00, 16069.00, 21324
2023/05/24 16:56, 16061.00, 16061.00, 16019.00, 16039.00, 13703
2023/05/24 18:52, 16038.00, 16042.00, 16000.00, 16005.00, 10122
2023/05/24 20:48, 16006.00, 16012.00, 15984.00, 15994.00, 10401
2023/05/24 22:44, 15994.00, 15996.00, 15952.00, 15957.00, 21892
2023/05/25 00:40, 15958.00, 15985.00, 15950.00, 15972.00, 14134
2023/05/25 02:36, 15972.00, 15990.00, 15965.00, 15972.00, 5325
2023/05/25 04:32, 15972.00, 16038.00, 15961.00, 16038.00, 10168
2023/05/25 05:00, 16038.00, 16074.00, 16035.00, 16071.00, 5008
2023/05/25 10:41, 16117.00, 16232.00, 16117.00, 16213.00, 109597
2023/05/25 12:37, 16214.00, 16225.00, 16166.00, 16204.00, 32582
2023/05/25 13:45, 16205.00, 16216.00, 16192.00, 16205.00, 11350
2023/05/25 16:56, 16220.00, 16250.00, 16196.00, 16247.00, 15382
2023/05/25 18:52, 16248.00, 16296.00, 16247.00, 16282.00, 14110
2023/05/25 20:48, 16282.00, 16299.00, 16271.00, 16294.00, 9628
2023/05/25 22:44, 16295.00, 16318.00, 16274.00, 16307.00, 28846
2023/05/26 00:40, 16307.00, 16354.00, 16307.00, 16344.00, 27395
2023/05/26 02:36, 16345.00, 16369.00, 16330.00, 16347.00, 8293
2023/05/26 04:32, 16347.00, 16374.00, 16334.00, 16364.00, 5280
2023/05/26 05:00, 16363.00, 16377.00, 16361.00, 16377.00, 1502
2023/05/26 10:41, 16366.00, 16457.00, 16345.00, 16430.00, 93126
2023/05/26 12:37, 16429.00, 16435.00, 16390.00, 16435.00, 30550
2023/05/26 13:45, 16435.00, 16445.00, 16427.00, 16438.00, 12184
2023/05/26 16:56, 16458.00, 16494.00, 16443.00, 16489.00, 33872
2023/05/26 18:52, 16490.00, 16499.00, 16474.00, 16497.00, 13372
2023/05/26 20:48, 16497.00, 16536.00, 16488.00, 16500.00, 34584
2023/05/26 22:44, 16500.00, 16611.00, 16496.00, 16608.00, 64831
2023/05/27 00:40, 16607.00, 16625.00, 16587.00, 16611.00, 28968
2023/05/27 02:36, 16611.00, 16630.00, 16601.00, 16628.00, 6976
2023/05/27 04:32, 16628.00, 16650.00, 16610.00, 16613.00, 6809
2023/05/27 05:00, 16612.00, 16620.00, 16595.00, 16602.00, 2486
2023/05/29 10:41, 16620.00, 16633.00, 16555.00, 16571.00, 76138
2023/05/29 12:37, 16570.00, 16584.00, 16543.00, 16571.00, 25521
2023/05/29 13:45, 16572.00, 16592.00, 16564.00, 16578.00, 11256
2023/05/29 16:56, 16576.00, 16588.00, 16551.00, 16556.00, 8776
2023/05/29 18:52, 16556.00, 16560.00, 16526.00, 16541.00, 8583
2023/05/29 20:48, 16541.00, 16551.00, 16535.00, 16541.00, 3511
2023/05/29 22:44, 16541.00, 16571.00, 16540.00, 16568.00, 6977
2023/05/30 00:40, 16568.00, 16578.00, 16561.00, 16569.00, 4866
2023/05/30 02:36, 16570.00, 16571.00, 16559.00, 16561.00, 910
2023/05/30 04:32, 16561.00, 16572.00, 16559.00, 16569.00, 825
2023/05/30 05:00, 16569.00, 16573.00, 16562.00, 16568.00, 825
2023/05/30 10:41, 16552.00, 16607.00, 16550.00, 16579.00, 57908
2023/05/30 12:37, 16579.00, 16588.00, 16515.00, 16568.00, 36301
2023/05/30 13:45, 16568.00, 16591.00, 16557.00, 16573.00, 15471
2023/05/30 16:56, 16592.00, 16647.00, 16576.00, 16639.00, 18155
2023/05/30 18:52, 16639.00, 16709.00, 16638.00, 16690.00, 17450
2023/05/30 20:48, 16690.00, 16724.00, 16676.00, 16698.00, 14324
2023/05/30 22:44, 16697.00, 16707.00, 16607.00, 16623.00, 37106
2023/05/31 00:40, 16623.00, 16629.00, 16557.00, 16564.00, 26839
2023/05/31 02:36, 16564.00, 16573.00, 16518.00, 16571.00, 18088
2023/05/31 04:32, 16573.00, 16587.00, 16548.00, 16566.00, 5308
2023/05/31 05:00, 16566.00, 16567.00, 16561.00, 16564.00, 607
2023/05/31 10:41, 16575.00, 16598.00, 16455.00, 16491.00, 88203
2023/05/31 12:37, 16491.00, 16527.00, 16483.00, 16515.00, 34514
2023/05/31 13:45, 16514.00, 16555.00, 16486.00, 16488.00, 27655
2023/05/31 16:56, 16494.00, 16514.00, 16441.00, 16511.00, 18500
2023/05/31 18:52, 16512.00, 16542.00, 16506.00, 16525.00, 12282
2023/05/31 20:48, 16526.00, 16531.00, 16483.00, 16485.00, 9485
2023/05/31 22:44, 16485.00, 16495.00, 16407.00, 16424.00, 39046
2023/06/01 00:40, 16425.00, 16438.00, 16395.00, 16420.00, 21815
2023/06/01 02:36, 16419.00, 16471.00, 16419.00, 16456.00, 9869
2023/06/01 04:32, 16457.00, 16467.00, 16437.00, 16455.00, 4112
2023/06/01 05:00, 16454.00, 16455.00, 16439.00, 16443.00, 708
2023/06/01 10:41, 16432.00, 16518.00, 16422.00, 16466.00, 80527
2023/06/01 12:37, 16466.00, 16479.00, 16434.00, 16467.00, 24323
2023/06/01 13:45, 16466.00, 16488.00, 16455.00, 16469.00, 12795
2023/06/01 16:56, 16471.00, 16495.00, 16454.00, 16482.00, 13536
2023/06/01 18:52, 16482.00, 16512.00, 16471.00, 16509.00, 7959
2023/06/01 20:48, 16508.00, 16511.00, 16463.00, 16473.00, 13449
2023/06/01 22:44, 16471.00, 16527.00, 16466.00, 16524.00, 26375
2023/06/02 00:40, 16525.00, 16584.00, 16521.00, 16569.00, 26811
2023/06/02 02:36, 16569.00, 16588.00, 16556.00, 16582.00, 7068
2023/06/02 04:32, 16583.00, 16594.00, 16552.00, 16567.00, 5274
2023/06/02 05:00, 16568.00, 16570.00, 16562.00, 16564.00, 844
2023/06/02 10:41, 16575.00, 16677.00, 16566.00, 16669.00, 75719
2023/06/02 12:37, 16669.00, 16738.00, 16667.00, 16719.00, 33019
2023/06/02 13:45, 16720.00, 16720.00, 16689.00, 16711.00, 17835
2023/06/02 16:56, 16721.00, 16788.00, 16714.00, 16781.00, 20565
2023/06/02 18:52, 16780.00, 16800.00, 16773.00, 16780.00, 10707
2023/06/02 20:48, 16780.00, 16791.00, 16715.00, 16761.00, 23463
2023/06/02 22:44, 16761.00, 16795.00, 16722.00, 16759.00, 33511
2023/06/03 00:40, 16759.00, 16769.00, 16735.00, 16756.00, 12785
2023/06/03 02:36, 16756.00, 16770.00, 16747.00, 16764.00, 4981
2023/06/03 04:32, 16766.00, 16772.00, 16757.00, 16761.00, 2882
2023/06/03 05:00, 16762.00, 16767.00, 16759.00, 16764.00, 971
2023/06/05 10:41, 16752.00, 16753.00, 16664.00, 16736.00, 66683
2023/06/05 12:37, 16736.00, 16764.00, 16704.00, 16714.00, 27663
2023/06/05 13:45, 16713.00, 16717.00, 16657.00, 16683.00, 19559
2023/06/05 16:56, 16689.00, 16706.00, 16677.00, 16684.00, 9438
2023/06/05 18:52, 16684.00, 16690.00, 16670.00, 16681.00, 4754
2023/06/05 20:48, 16681.00, 16696.00, 16678.00, 16686.00, 4194
2023/06/05 22:44, 16686.00, 16704.00, 16660.00, 16681.00, 18873
2023/06/06 00:40, 16682.00, 16733.00, 16678.00, 16723.00, 14510
2023/06/06 02:36, 16723.00, 16736.00, 16675.00, 16685.00, 8126
2023/06/06 04:32, 16684.00, 16714.00, 16681.00, 16699.00, 3881
2023/06/06 05:00, 16699.00, 16702.00, 16695.00, 16700.00, 658
2023/06/06 10:41, 16683.00, 16785.00, 16680.00, 16767.00, 80000
2023/06/06 12:37, 16767.00, 16770.00, 16694.00, 16728.00, 32423
2023/06/06 13:45, 16729.00, 16748.00, 16714.00, 16746.00, 12610
2023/06/06 16:56, 16738.00, 16763.00, 16727.00, 16729.00, 10368
2023/06/06 18:52, 16729.00, 16745.00, 16728.00, 16740.00, 3118
2023/06/06 20:48, 16740.00, 16753.00, 16735.00, 16740.00, 3381
2023/06/06 22:44, 16739.00, 16743.00, 16703.00, 16743.00, 18024
2023/06/07 00:40, 16743.00, 16806.00, 16743.00, 16789.00, 26024
2023/06/07 02:36, 16788.00, 16799.00, 16775.00, 16788.00, 6281
2023/06/07 04:32, 16789.00, 16798.00, 16785.00, 16788.00, 1774
2023/06/07 05:00, 16788.00, 16792.00, 16784.00, 16790.00, 781
2023/06/07 10:41, 16785.00, 16864.00, 16767.00, 16858.00, 70321
2023/06/07 12:37, 16859.00, 16906.00, 16856.00, 16888.00, 28817
2023/06/07 13:45, 16888.00, 16907.00, 16882.00, 16890.00, 16841
