2000/10/03, 46.50, 46.50, 46.50, 46.50, 1
2000/12/05, 46.50, 46.50, 46.50, 46.50, 0
2000/12/13, 46.50, 46.50, 46.50, 46.50, 0
2001/04/09, 5196.00, 5588.00, 5196.00, 5460.00, 4470
2001/04/16, 5461.00, 5701.00, 5380.00, 5590.00, 3357
2001/04/23, 5570.00, 5675.00, 5432.00, 5432.00, 5558
2001/04/30, 5416.00, 5520.00, 5201.00, 5230.00, 5569
2001/05/07, 5220.00, 5310.00, 5070.00, 5250.00, 7481
2001/05/14, 5220.00, 5230.00, 5014.00, 5086.00, 4811
2001/05/21, 5095.00, 5245.00, 4940.00, 5182.00, 8289
2001/05/28, 5181.00, 5194.00, 5021.00, 5040.00, 6287
2001/06/04, 5031.00, 5257.00, 4985.00, 5235.00, 6585
2001/06/11, 5200.00, 5290.00, 5096.00, 5155.00, 5550
2001/06/18, 5120.00, 5140.00, 4937.00, 4968.00, 4310
2001/06/26, 4968.00, 4975.00, 4795.00, 4901.00, 4960
2001/07/02, 4895.00, 4938.00, 4713.00, 4753.00, 6320
2001/07/09, 4746.00, 4752.00, 4450.00, 4465.00, 6344
2001/07/16, 4460.00, 4521.00, 4040.00, 4159.00, 8338
2001/07/23, 4175.00, 4347.00, 4018.00, 4248.00, 11333
2001/07/31, 4242.00, 4533.00, 4225.00, 4490.00, 8859
2001/08/06, 4465.00, 4519.00, 4325.00, 4463.00, 11651
2001/08/13, 4480.00, 4690.00, 4455.00, 4610.00, 7398
2001/08/20, 4558.00, 4579.00, 4290.00, 4300.00, 10656
2001/08/27, 4315.00, 4535.00, 4270.00, 4450.00, 11474
2001/09/03, 4452.00, 4490.00, 4240.00, 4280.00, 9678
2001/09/10, 4255.00, 4298.00, 3666.00, 3683.00, 8471
2001/09/19, 3578.00, 3721.00, 3427.00, 3427.00, 4104
2001/09/24, 3377.00, 3660.00, 3351.00, 3626.00, 20311
2001/10/02, 3636.00, 3645.00, 3402.00, 3553.00, 14145
2001/10/08, 3514.00, 3988.00, 3500.00, 3815.00, 12343
2001/10/15, 3800.00, 3859.00, 3700.00, 3818.00, 8730
2001/10/22, 3842.00, 4053.00, 3833.00, 3982.00, 15289
2001/10/29, 3980.00, 4020.00, 3812.00, 3930.00, 12353
2001/11/05, 3943.00, 4086.00, 3916.00, 4025.00, 11477
2001/11/12, 4036.00, 4464.00, 4006.00, 4428.00, 11827
2001/11/19, 4455.00, 4670.00, 4391.00, 4487.00, 9355
2001/11/26, 4519.00, 4688.00, 4350.00, 4381.00, 15107
2001/12/03, 4440.00, 5379.00, 4430.00, 5375.00, 20807
2001/12/10, 5368.00, 5840.00, 5208.00, 5530.00, 21594
2001/12/17, 5510.00, 5548.00, 5050.00, 5055.00, 13485
2001/12/24, 5045.00, 5498.00, 5040.00, 5380.00, 21621
2001/12/31, 5427.00, 5675.00, 5417.00, 5635.00, 17950
2002/01/07, 5655.00, 5889.00, 5598.00, 5635.00, 19643
2002/01/14, 5596.00, 5615.00, 5321.00, 5440.00, 13680
2002/01/21, 5443.00, 6000.00, 5434.00, 5955.00, 23857
2002/01/28, 6000.00, 6038.00, 5722.00, 5848.00, 15908
2002/02/04, 5806.00, 5990.00, 5760.00, 5990.00, 7490
2002/02/18, 6010.00, 6040.00, 5545.00, 5627.00, 9344
2002/02/25, 5650.00, 5710.00, 5480.00, 5670.00, 12488
2002/03/04, 5768.00, 6157.00, 5768.00, 6045.00, 19826
2002/03/11, 6081.00, 6210.00, 5905.00, 5906.00, 18738
2002/03/18, 5934.00, 6184.00, 5858.00, 6156.00, 12213
2002/03/25, 6139.00, 6245.00, 6060.00, 6140.00, 16465
2002/04/01, 6100.00, 6270.00, 6100.00, 6155.00, 11461
2002/04/08, 6132.00, 6177.00, 5970.00, 6151.00, 13863
2002/04/15, 6160.00, 6464.00, 6135.00, 6402.00, 8871
2002/04/22, 6396.00, 6425.00, 6266.00, 6315.00, 12605
2002/04/29, 6262.00, 6266.00, 5780.00, 5920.00, 13987
2002/05/06, 5850.00, 5895.00, 5475.00, 5850.00, 18335
2002/05/13, 5798.00, 5945.00, 5730.00, 5809.00, 12797
2002/05/20, 5789.00, 5789.00, 5372.00, 5695.00, 21446
2002/05/27, 5642.00, 5755.00, 5515.00, 5635.00, 19124
2002/06/03, 5645.00, 5645.00, 5350.00, 5350.00, 18704
2002/06/10, 5414.00, 5597.00, 5351.00, 5596.00, 17350
2002/06/17, 5620.00, 5658.00, 5280.00, 5441.00, 15154
2002/06/24, 5405.00, 5467.00, 5062.00, 5141.00, 21896
2002/07/01, 5145.00, 5200.00, 4780.00, 5171.00, 22265
2002/07/08, 5270.00, 5410.00, 5102.00, 5410.00, 21022
2002/07/15, 5400.00, 5468.00, 5090.00, 5125.00, 14894
2002/07/22, 5035.00, 5190.00, 4717.00, 4717.00, 24531
2002/07/29, 4776.00, 5010.00, 4750.00, 4925.00, 23148
2002/08/05, 4720.00, 4794.00, 4450.00, 4760.00, 26374
2002/08/12, 4780.00, 4969.00, 4706.00, 4890.00, 16747
2002/08/19, 4914.00, 5019.00, 4850.00, 4935.00, 13189
2002/08/26, 4902.00, 4953.00, 4735.00, 4741.00, 17286
2002/09/02, 4726.00, 4737.00, 4431.00, 4431.00, 16461
2002/09/09, 4455.00, 4677.00, 4416.00, 4537.00, 19844
2002/09/16, 4575.00, 4657.00, 4315.00, 4371.00, 17972
2002/09/23, 4365.00, 4394.00, 4108.00, 4184.00, 25207
2002/09/30, 4117.00, 4225.00, 4002.00, 4051.00, 24870
2002/10/07, 3998.00, 4007.00, 3780.00, 3810.00, 20818
2002/10/14, 3860.00, 4436.00, 3840.00, 4402.00, 25389
2002/10/21, 4360.00, 4592.00, 4275.00, 4521.00, 33945
2002/10/28, 4562.00, 4637.00, 4405.00, 4450.00, 29412
2002/11/04, 4549.00, 4792.00, 4515.00, 4780.00, 31103
2002/11/11, 4763.00, 4827.00, 4613.00, 4807.00, 23476
2002/11/18, 4783.00, 4830.00, 4592.00, 4710.00, 16972
2002/11/25, 4730.00, 4747.00, 4608.00, 4665.00, 20387
2002/12/02, 4660.00, 4805.00, 4621.00, 4749.00, 16869
2002/12/09, 4781.00, 4845.00, 4616.00, 4621.00, 18042
2002/12/16, 4595.00, 4645.00, 4496.00, 4585.00, 13680
2002/12/23, 4573.00, 4581.00, 4460.00, 4500.00, 11983
2002/12/30, 4455.00, 4590.00, 4385.00, 4568.00, 11968
2003/01/06, 4590.00, 4859.00, 4563.00, 4820.00, 17129
2003/01/13, 4840.00, 5150.00, 4840.00, 4925.00, 13218
2003/01/20, 4895.00, 5109.00, 4885.00, 5061.00, 17789
2003/01/27, 5035.00, 5040.00, 4927.00, 5020.00, 5533
2003/02/06, 5008.00, 5009.00, 4630.00, 4702.00, 7988
2003/02/10, 4676.00, 4702.00, 4471.00, 4488.00, 16055
2003/02/17, 4579.00, 4695.00, 4506.00, 4531.00, 12697
2003/02/24, 4575.00, 4620.00, 4361.00, 4420.00, 15817
2003/03/03, 4450.00, 4520.00, 4323.00, 4350.00, 15729
2003/03/10, 4374.00, 4528.00, 4232.00, 4480.00, 18702
2003/03/17, 4448.00, 4618.00, 4313.00, 4575.00, 15668
2003/03/24, 4648.00, 4650.00, 4445.00, 4455.00, 15678
2003/03/31, 4420.00, 4480.00, 4251.00, 4469.00, 24207
2003/04/07, 4469.00, 4600.00, 4460.00, 4519.00, 24249
2003/04/14, 4520.00, 4674.00, 4428.00, 4658.00, 16382
2003/04/21, 4650.00, 4660.00, 4211.00, 4211.00, 27970
2003/04/28, 4150.00, 4258.00, 4056.00, 4196.00, 23911
2003/05/05, 4225.00, 4260.00, 4135.00, 4230.00, 24844
2003/05/12, 4224.00, 4368.00, 4205.00, 4265.00, 20728
2003/05/19, 4250.00, 4343.00, 4165.00, 4332.00, 19498
2003/05/26, 4358.00, 4605.00, 4340.00, 4508.00, 28078
2003/06/02, 4570.00, 4748.00, 4559.00, 4725.00, 21090
2003/06/09, 4699.00, 4920.00, 4680.00, 4890.00, 24774
2003/06/16, 4867.00, 5125.00, 4867.00, 5017.00, 19693
2003/06/23, 4998.00, 5024.00, 4826.00, 4858.00, 25380
2003/06/30, 4850.00, 5215.00, 4833.00, 5192.00, 30845
2003/07/07, 5230.00, 5429.00, 5172.00, 5250.00, 32480
2003/07/14, 5258.00, 5440.00, 5225.00, 5262.00, 28118
2003/07/21, 5294.00, 5415.00, 5200.00, 5385.00, 34582
2003/07/28, 5449.00, 5498.00, 5266.00, 5388.00, 33583
2003/08/04, 5358.00, 5409.00, 5190.00, 5210.00, 31307
2003/08/11, 5200.00, 5560.00, 5167.00, 5490.00, 33502
2003/08/18, 5535.00, 5684.00, 5471.00, 5628.00, 26439
2003/08/25, 5611.00, 5675.00, 5521.00, 5670.00, 38297
2003/09/01, 5675.00, 5795.00, 5635.00, 5678.00, 35355
2003/09/08, 5660.00, 5805.00, 5612.00, 5670.00, 28485
2003/09/15, 5670.00, 5796.00, 5635.00, 5755.00, 24725
2003/09/22, 5718.00, 5741.00, 5651.00, 5685.00, 26560
2003/09/29, 5673.00, 5745.00, 5596.00, 5741.00, 24648
2003/10/06, 5773.00, 5899.00, 5768.00, 5899.00, 19595
2003/10/13, 5935.00, 6088.00, 5877.00, 6078.00, 18110
2003/10/20, 6060.00, 6114.00, 5938.00, 5965.00, 23605
2003/10/27, 5969.00, 6190.00, 5965.00, 6060.00, 25180
2003/11/03, 6068.00, 6188.00, 5945.00, 6058.00, 28182
2003/11/10, 6040.00, 6085.00, 5993.00, 6059.00, 21713
2003/11/17, 6003.00, 6015.00, 5813.00, 5866.00, 18331
2003/11/24, 5870.00, 5930.00, 5794.00, 5811.00, 20324
2003/12/01, 5792.00, 5944.00, 5774.00, 5903.00, 21140
2003/12/08, 5880.00, 5931.00, 5804.00, 5890.00, 17763
2003/12/15, 5932.00, 5965.00, 5701.00, 5790.00, 14817
2003/12/22, 5810.00, 5899.00, 5795.00, 5868.00, 19539
2003/12/29, 5870.00, 6070.00, 5828.00, 6060.00, 18899
2004/01/05, 6076.00, 6298.00, 6065.00, 6275.00, 23938
2004/01/12, 6260.00, 6346.00, 6222.00, 6290.00, 14609
2004/01/27, 6297.00, 6396.00, 6297.00, 6382.00, 12878
2004/02/02, 6370.00, 6381.00, 6210.00, 6368.00, 22091
2004/02/09, 6406.00, 6599.00, 6371.00, 6572.00, 27277
2004/02/16, 6560.00, 6720.00, 6501.00, 6700.00, 14037
2004/02/23, 6700.00, 6808.00, 6636.00, 6806.00, 21006
2004/03/01, 6849.00, 7248.00, 6830.00, 7080.00, 28404
2004/03/08, 7103.00, 7134.00, 6778.00, 6811.00, 28021
2004/03/15, 6868.00, 6910.00, 6450.00, 6850.00, 28373
2004/03/22, 6352.00, 6352.00, 5908.00, 6125.00, 37421
2004/03/29, 6278.00, 6537.00, 6230.00, 6499.00, 34432
2004/04/05, 6545.00, 6750.00, 6530.00, 6619.00, 27608
2004/04/12, 6625.00, 6925.00, 6625.00, 6830.00, 34055
2004/04/19, 6838.00, 6920.00, 6680.00, 6758.00, 27475
2004/04/26, 6758.00, 6767.00, 5955.00, 6062.00, 45964
2004/05/03, 6020.00, 6166.00, 5720.00, 5980.00, 52972
2004/05/10, 5920.00, 6000.00, 5656.00, 5740.00, 49869
2004/05/17, 5656.00, 5912.00, 5343.00, 5851.00, 55903
2004/05/24, 5845.00, 6075.00, 5762.00, 6047.00, 49893
2004/05/31, 6030.00, 6039.00, 5526.00, 5615.00, 54639
2004/06/07, 5677.00, 5998.00, 5673.00, 5713.00, 54266
2004/06/14, 5696.00, 5782.00, 5429.00, 5462.00, 56292
2004/06/21, 5600.00, 5770.00, 5455.00, 5740.00, 51649
2004/06/28, 5720.00, 5800.00, 5515.00, 5658.00, 50166
2004/07/05, 5599.00, 5775.00, 5530.00, 5712.00, 50191
2004/07/12, 5740.00, 5762.00, 5488.00, 5505.00, 41069
2004/07/19, 5495.00, 5540.00, 5210.00, 5285.00, 34362
2004/07/26, 5231.00, 5403.00, 5220.00, 5361.00, 45378
2004/08/02, 5331.00, 5410.00, 5215.00, 5368.00, 44587
2004/08/09, 5309.00, 5408.00, 5271.00, 5361.00, 37177
2004/08/16, 5346.00, 5625.00, 5298.00, 5585.00, 32222
2004/08/23, 5620.00, 5818.00, 5577.00, 5810.00, 19821
2004/08/30, 5810.00, 5876.00, 5740.00, 5760.00, 41542
2004/09/06, 5740.00, 5878.00, 5715.00, 5845.00, 34652
2004/09/13, 5880.00, 5956.00, 5800.00, 5800.00, 23282
2004/09/20, 5810.00, 5959.00, 5808.00, 5890.00, 31259
2004/09/27, 5866.00, 5955.00, 5847.00, 5947.00, 22849
2004/10/04, 6024.00, 6175.00, 6021.00, 6140.00, 27978
2004/10/11, 6116.00, 6133.00, 5770.00, 5820.00, 29919
2004/10/18, 5820.00, 5858.00, 5731.00, 5797.00, 21187
2004/10/26, 5730.00, 5731.00, 5600.00, 5699.00, 24017
2004/11/01, 5701.00, 5960.00, 5606.00, 5929.00, 34641
2004/11/08, 5938.00, 5988.00, 5870.00, 5950.00, 27377
2004/11/15, 5980.00, 6110.00, 5911.00, 6065.00, 20046
2004/11/22, 5996.00, 5998.00, 5751.00, 5756.00, 43517
2004/11/29, 5777.00, 5901.00, 5641.00, 5880.00, 35999
2004/12/06, 5850.00, 5906.00, 5835.00, 5860.00, 18979
2004/12/13, 5855.00, 6030.00, 5775.00, 6019.00, 23087
2004/12/20, 5966.00, 6067.00, 5927.00, 6031.00, 27281
2004/12/27, 6031.00, 6190.00, 5995.00, 6190.00, 22414
2005/01/03, 6190.00, 6192.00, 5952.00, 5966.00, 28350
2005/01/10, 5970.00, 6023.00, 5814.00, 5891.00, 27057
2005/01/17, 5935.00, 5985.00, 5838.00, 5868.00, 22803
2005/01/24, 5865.00, 5890.00, 5749.00, 5878.00, 27416
2005/01/31, 5879.00, 6065.00, 5876.00, 6048.00, 21137
2005/02/14, 6178.00, 6200.00, 6053.00, 6128.00, 18749
2005/02/21, 6139.00, 6226.00, 6040.00, 6221.00, 28063
2005/03/01, 6226.00, 6270.00, 6161.00, 6196.00, 17861
2005/03/07, 6230.00, 6259.00, 6140.00, 6205.00, 24632
2005/03/14, 6178.00, 6199.00, 5996.00, 6026.00, 17598
2005/03/21, 6026.00, 6051.00, 5970.00, 6047.00, 18559
2005/03/28, 6053.00, 6075.00, 5951.00, 6045.00, 18818
2005/04/04, 6028.00, 6045.00, 5975.00, 6012.00, 11740
2005/04/11, 5989.00, 6013.00, 5870.00, 5885.00, 11359
2005/04/18, 5792.00, 5820.00, 5602.00, 5720.00, 20772
2005/04/25, 5719.00, 5793.00, 5701.00, 5770.00, 18210
2005/05/03, 5800.00, 5949.00, 5785.00, 5949.00, 17497
2005/05/09, 5942.00, 6010.00, 5881.00, 5993.00, 13160
2005/05/16, 5992.00, 6019.00, 5861.00, 5925.00, 14748
2005/05/23, 5920.00, 5960.00, 5825.00, 5953.00, 21298
2005/05/30, 5968.00, 6056.00, 5906.00, 6043.00, 22021
2005/06/06, 6021.00, 6187.00, 6015.00, 6176.00, 16440
2005/06/13, 6175.00, 6287.00, 6131.00, 6191.00, 17585
2005/06/20, 6185.00, 6356.00, 6170.00, 6305.00, 18017
2005/06/27, 6255.00, 6349.00, 6126.00, 6226.00, 22680
2005/07/04, 6225.00, 6242.00, 6139.00, 6180.00, 16132
2005/07/11, 6246.00, 6453.00, 6233.00, 6416.00, 17988
2005/07/19, 6400.00, 6478.00, 6326.00, 6341.00, 13937
2005/07/25, 6359.00, 6405.00, 6280.00, 6280.00, 19795
2005/08/01, 6265.00, 6465.00, 6265.00, 6443.00, 15641
2005/08/08, 6395.00, 6425.00, 6339.00, 6355.00, 16923
2005/08/15, 6342.00, 6342.00, 6136.00, 6170.00, 15586
2005/08/22, 6176.00, 6220.00, 6105.00, 6154.00, 13174
2005/08/29, 6129.00, 6129.00, 5984.00, 6113.00, 14350
2005/09/05, 6117.00, 6190.00, 6093.00, 6106.00, 11730
2005/09/12, 6146.00, 6185.00, 6014.00, 6038.00, 14427
2005/09/19, 6049.00, 6120.00, 5895.00, 5931.00, 16897
2005/09/26, 5955.00, 6115.00, 5888.00, 6100.00, 22787
2005/10/03, 6100.00, 6163.00, 6068.00, 6100.00, 14881
2005/10/11, 6075.00, 6128.00, 5936.00, 5965.00, 12570
2005/10/17, 5981.00, 5986.00, 5635.00, 5731.00, 19191
2005/10/24, 5738.00, 5805.00, 5615.00, 5660.00, 19889
2005/10/31, 5705.00, 5919.00, 5687.00, 5890.00, 19831
2005/11/07, 5895.00, 6095.00, 5827.00, 6095.00, 18555
2005/11/14, 6100.00, 6125.00, 5983.00, 6116.00, 16141
2005/11/21, 6122.00, 6145.00, 6065.00, 6114.00, 17178
2005/11/28, 6127.00, 6250.00, 6115.00, 6225.00, 16692
2005/12/05, 6250.00, 6379.00, 6202.00, 6247.00, 21152
2005/12/12, 6270.00, 6386.00, 6185.00, 6366.00, 18705
2005/12/19, 6347.00, 6550.00, 6347.00, 6544.00, 14557
2005/12/26, 6549.00, 6647.00, 6508.00, 6590.00, 19003
2006/01/02, 6524.00, 6746.00, 6452.00, 6718.00, 26169
2006/01/09, 6753.00, 6800.00, 6675.00, 6715.00, 22065
2006/01/16, 6692.00, 6767.00, 6450.00, 6475.00, 21394
2006/01/23, 6360.00, 6535.00, 6360.00, 6535.00, 12619
2006/02/03, 6571.00, 6615.00, 6546.00, 6585.00, 4402
2006/02/06, 6560.00, 6900.00, 6502.00, 6565.00, 27269
2006/02/13, 6540.00, 6720.00, 6510.00, 6680.00, 22295
2006/02/20, 6670.00, 6710.00, 6462.00, 6524.00, 33543
2006/02/27, 6500.00, 6646.00, 6470.00, 6506.00, 25218
2006/03/06, 6500.00, 6549.00, 6406.00, 6470.00, 29445
2006/03/13, 6505.00, 6555.00, 6420.00, 6475.00, 26109
2006/03/20, 6491.00, 6525.00, 6322.00, 6366.00, 29815
2006/03/27, 6380.00, 6590.00, 6364.00, 6564.00, 26962
2006/04/03, 6588.00, 6791.00, 6564.00, 6755.00, 17007
2006/04/10, 6730.00, 7000.00, 6690.00, 7000.00, 27701
2006/04/17, 7020.00, 7159.00, 6913.00, 7102.00, 23034
2006/04/24, 7060.00, 7238.00, 7030.00, 7186.00, 36750
2006/05/02, 7175.00, 7498.00, 7138.00, 7420.00, 25430
2006/05/08, 7465.00, 7516.00, 7252.00, 7260.00, 36528
2006/05/15, 7201.00, 7212.00, 6947.00, 7046.00, 23967
2006/05/22, 7062.00, 7083.00, 6765.00, 6872.00, 43435
2006/05/29, 6900.00, 6970.00, 6805.00, 6970.00, 29491
2006/06/05, 6960.00, 6967.00, 6211.00, 6385.00, 51903
2006/06/12, 6325.00, 6630.00, 6230.00, 6566.00, 48208
2006/06/19, 6560.00, 6595.00, 6152.00, 6375.00, 36063
2006/06/26, 6375.00, 6690.00, 6372.00, 6644.00, 43717
2006/07/03, 6655.00, 6730.00, 6521.00, 6565.00, 33423
2006/07/10, 6505.00, 6688.00, 6332.00, 6362.00, 38633
2006/07/17, 6318.00, 6362.00, 6148.00, 6292.00, 28364
2006/07/24, 6201.00, 6426.00, 6165.00, 6390.00, 37778
2006/07/31, 6460.00, 6468.00, 6325.00, 6364.00, 38736
2006/08/07, 6351.00, 6597.00, 6337.00, 6540.00, 37219
2006/08/14, 6554.00, 6732.00, 6554.00, 6700.00, 21662
2006/08/21, 6690.00, 6694.00, 6377.00, 6490.00, 45596
2006/08/28, 6500.00, 6648.00, 6381.00, 6645.00, 34077
2006/09/04, 6686.00, 6755.00, 6582.00, 6690.00, 34734
2006/09/11, 6690.00, 6810.00, 6506.00, 6670.00, 46274
2006/09/18, 6744.00, 6926.00, 6710.00, 6859.00, 28197
2006/09/25, 6847.00, 6980.00, 6820.00, 6878.00, 39133
2006/10/02, 6870.00, 7014.00, 6856.00, 7013.00, 28408
2006/10/11, 7020.00, 7110.00, 6960.00, 7100.00, 17865
2006/10/16, 7102.00, 7165.00, 6961.00, 7013.00, 22722
2006/10/23, 7015.00, 7134.00, 6977.00, 7097.00, 27354
2006/10/30, 7046.00, 7178.00, 6955.00, 7148.00, 29681
2006/11/06, 7071.00, 7230.00, 7046.00, 7165.00, 30474
2006/11/13, 7165.00, 7274.00, 7112.00, 7256.00, 19895
2006/11/20, 7245.00, 7435.00, 7208.00, 7431.00, 27357
2006/11/27, 7465.00, 7625.00, 7395.00, 7618.00, 28877
2006/12/04, 7612.00, 7733.00, 7567.00, 7630.00, 33447
2006/12/11, 7640.00, 7642.00, 7376.00, 7540.00, 34176
2006/12/18, 7541.00, 7710.00, 7538.00, 7688.00, 26202
2006/12/25, 7676.00, 7888.00, 7655.00, 7883.00, 28333
2007/01/02, 7904.00, 8036.00, 7826.00, 7829.00, 26992
2007/01/08, 7787.00, 7835.00, 7596.00, 7789.00, 38182
2007/01/15, 7830.00, 7930.00, 7720.00, 7868.00, 26538
2007/01/22, 7870.00, 8030.00, 7780.00, 7833.00, 36222
2007/01/29, 7834.00, 7857.00, 7639.00, 7813.00, 35021
2007/02/05, 7781.00, 7920.00, 7766.00, 7885.00, 32985
2007/02/12, 7836.00, 7844.00, 7742.00, 7832.00, 15927
2007/02/26, 7900.00, 7970.00, 7555.00, 7590.00, 31515
2007/03/05, 7549.00, 7566.00, 7268.00, 7518.00, 44919
2007/03/12, 7540.00, 7726.00, 7435.00, 7676.00, 32799
2007/03/19, 7673.00, 7895.00, 7660.00, 7855.00, 23323
2007/03/26, 7865.00, 7940.00, 7705.00, 7835.00, 40197
2007/04/02, 7859.00, 8010.00, 7812.00, 8008.00, 23542
2007/04/09, 8027.00, 8107.00, 7972.00, 8065.00, 34541
2007/04/16, 8072.00, 8110.00, 7826.00, 7886.00, 32133
2007/04/23, 7966.00, 8060.00, 7922.00, 7946.00, 39980
2007/04/30, 7930.00, 8080.00, 7824.00, 8062.00, 34120
2007/05/07, 8092.00, 8134.00, 8005.00, 8026.00, 30967
2007/05/14, 8070.00, 8084.00, 7951.00, 8029.00, 26866
2007/05/21, 8050.00, 8220.00, 8015.00, 8137.00, 35376
2007/05/28, 8168.00, 8252.00, 8073.00, 8235.00, 34215
2007/06/04, 8260.00, 8337.00, 8214.00, 8280.00, 35784
2007/06/11, 8311.00, 8619.00, 8293.00, 8619.00, 26774
2007/06/20, 8716.00, 8897.00, 8622.00, 8775.00, 32190
2007/06/25, 8799.00, 8965.00, 8755.00, 8813.00, 46281
2007/07/02, 8800.00, 9147.00, 8755.00, 9138.00, 42396
2007/07/09, 9180.00, 9505.00, 9178.00, 9462.00, 45695
2007/07/16, 9470.00, 9554.00, 9325.00, 9540.00, 43285
2007/07/23, 9500.00, 9827.00, 8913.00, 8982.00, 72895
2007/07/30, 8881.00, 9203.00, 8566.00, 8980.00, 96161
2007/08/06, 8733.00, 9200.00, 8688.00, 8799.00, 72846
2007/08/13, 8873.00, 9050.00, 7808.00, 7906.00, 76302
2007/08/20, 8233.00, 8705.00, 8210.00, 8604.00, 75694
2007/08/27, 8750.00, 8986.00, 8440.00, 8984.00, 61291
2007/09/03, 8976.00, 9055.00, 8751.00, 8970.00, 64084
2007/09/10, 8800.00, 9066.00, 8742.00, 9029.00, 61869
2007/09/17, 9016.00, 9139.00, 8823.00, 9138.00, 49529
2007/09/26, 9172.00, 9495.00, 9172.00, 9495.00, 42862
2007/10/01, 9530.00, 9832.00, 9475.00, 9621.00, 63321
2007/10/08, 9707.00, 9773.00, 9444.00, 9453.00, 48418
2007/10/15, 9527.00, 9695.00, 9410.00, 9609.00, 52680
2007/10/22, 9349.00, 9685.00, 9233.00, 9679.00, 73830
2007/10/29, 9781.00, 9867.00, 9202.00, 9230.00, 74623
2007/11/05, 9180.00, 9400.00, 8820.00, 8973.00, 85858
2007/11/12, 8700.00, 8977.00, 8560.00, 8760.00, 71602
2007/11/19, 8800.00, 8825.00, 8312.00, 8324.00, 87545
2007/11/26, 8433.00, 8623.00, 8188.00, 8610.00, 107504
2007/12/03, 8609.00, 8819.00, 8534.00, 8710.00, 83449
2007/12/10, 8700.00, 8725.00, 7856.00, 8060.00, 106758
2007/12/17, 8000.00, 8081.00, 7628.00, 7972.00, 104559
2007/12/24, 8110.00, 8427.00, 8051.00, 8393.00, 86371
2007/12/31, 8395.00, 8508.00, 8032.00, 8215.00, 87715
2008/01/07, 7990.00, 8158.00, 7705.00, 7970.00, 115311
2008/01/14, 8100.00, 8636.00, 7855.00, 8223.00, 134260
2008/01/21, 8126.00, 8208.00, 7322.00, 7772.00, 143965
2008/01/28, 7685.00, 7710.00, 7336.00, 7670.00, 148919
2008/02/12, 7550.00, 7912.00, 7462.00, 7888.00, 82425
2008/02/18, 7952.00, 8057.00, 7825.00, 8039.00, 96801
2008/02/25, 8158.00, 8450.00, 8153.00, 8346.00, 84620
2008/03/03, 8168.00, 8690.00, 8106.00, 8525.00, 139771
2008/03/10, 8488.00, 8609.00, 8082.00, 8111.00, 144527
2008/03/17, 7925.00, 8638.00, 7850.00, 8627.00, 134194
2008/03/24, 9000.00, 9115.00, 8512.00, 8620.00, 177971
2008/03/31, 8590.00, 8618.00, 8322.00, 8575.00, 114697
2008/04/07, 8601.00, 8933.00, 8590.00, 8912.00, 131726
2008/04/14, 8841.00, 9150.00, 8801.00, 9085.00, 103933
2008/04/21, 9163.00, 9180.00, 8945.00, 8980.00, 130812
2008/04/28, 8998.00, 9099.00, 8873.00, 9006.00, 97607
2008/05/05, 9007.00, 9018.00, 8765.00, 8769.00, 121924
2008/05/12, 8750.00, 9285.00, 8750.00, 9245.00, 110709
2008/05/19, 9276.00, 9389.00, 8780.00, 8789.00, 110149
2008/05/26, 8731.00, 8794.00, 8535.00, 8646.00, 135697
2008/06/02, 8604.00, 8797.00, 8473.00, 8755.00, 128112
2008/06/09, 8502.00, 8566.00, 8000.00, 8040.00, 131273
2008/06/16, 8120.00, 8258.00, 7725.00, 7779.00, 118046
2008/06/23, 7660.00, 7805.00, 7344.00, 7415.00, 144381
2008/06/30, 7446.00, 7490.00, 7051.00, 7103.00, 148880
2008/07/07, 7083.00, 7270.00, 6889.00, 7177.00, 187002
2008/07/14, 7189.00, 7234.00, 6600.00, 6680.00, 166751
2008/07/21, 6825.00, 7307.00, 6810.00, 7169.00, 172654
2008/07/29, 6970.00, 7148.00, 6852.00, 6918.00, 136603
2008/08/04, 6875.00, 7233.00, 6755.00, 7192.00, 173670
2008/08/11, 7298.00, 7380.00, 7156.00, 7210.00, 155518
2008/08/18, 7186.00, 7224.00, 6765.00, 6858.00, 154335
2008/08/25, 6955.00, 7140.00, 6886.00, 7054.00, 152561
2008/09/01, 6997.00, 6997.00, 6179.00, 6242.00, 167480
2008/09/08, 6486.00, 6677.00, 6002.00, 6290.00, 168735
2008/09/15, 6140.00, 6186.00, 5415.00, 5908.00, 165993
2008/09/22, 6148.00, 6195.00, 5817.00, 5867.00, 192085
2008/09/30, 5459.00, 5743.00, 5459.00, 5657.00, 139117
2008/10/06, 5510.00, 5520.00, 5056.00, 5066.00, 187543
2008/10/13, 4885.00, 5287.00, 4804.00, 4804.00, 109876
2008/10/20, 4726.00, 4949.00, 4337.00, 4337.00, 189580
2008/10/27, 4080.00, 4909.00, 3811.00, 4846.00, 307242
2008/11/03, 4932.00, 5100.00, 4258.00, 4635.00, 325937
2008/11/10, 4683.00, 4695.00, 4206.00, 4383.00, 317202
2008/11/17, 4283.00, 4433.00, 3815.00, 4148.00, 249709
2008/11/24, 4061.00, 4489.00, 3973.00, 4458.00, 291206
2008/12/01, 4425.00, 4580.00, 4100.00, 4183.00, 259935
2008/12/08, 4235.00, 4725.00, 4231.00, 4419.00, 260782
2008/12/15, 4612.00, 4734.00, 4523.00, 4677.00, 223767
2008/12/22, 4710.00, 4756.00, 4242.00, 4380.00, 238910
2008/12/29, 4355.00, 4618.00, 4318.00, 4552.00, 106543
2009/01/05, 4700.00, 4800.00, 4345.00, 4374.00, 275170
2009/01/12, 4381.00, 4550.00, 4220.00, 4349.00, 231745
2009/01/19, 4370.00, 4395.00, 4102.00, 4254.00, 57461
2009/02/02, 4185.00, 4478.00, 4115.00, 4442.00, 179061
2009/02/09, 4505.00, 4590.00, 4372.00, 4568.00, 213130
2009/02/16, 4550.00, 4590.00, 4340.00, 4363.00, 199063
2009/02/23, 4330.00, 4538.00, 4296.00, 4513.00, 235841
2009/03/02, 4440.00, 4647.00, 4240.00, 4635.00, 264708
2009/03/09, 4670.00, 4942.00, 4545.00, 4901.00, 213927
2009/03/16, 4925.00, 5105.00, 4906.00, 4952.00, 203658
2009/03/23, 5000.00, 5452.00, 4991.00, 5353.00, 285014
2009/03/30, 5350.00, 5568.00, 5145.00, 5513.00, 298553
2009/04/06, 5551.00, 5830.00, 5418.00, 5829.00, 300683
2009/04/13, 5838.00, 6060.00, 5682.00, 5777.00, 272625
2009/04/20, 5776.00, 5996.00, 5654.00, 5903.00, 372703
2009/04/27, 5911.00, 6015.00, 5576.00, 6015.00, 256754
2009/05/04, 6300.00, 6770.00, 6300.00, 6570.00, 310070
2009/05/11, 6547.00, 6696.00, 6315.00, 6476.00, 293751
2009/05/18, 6435.00, 6805.00, 6403.00, 6692.00, 255052
2009/05/25, 6738.00, 6998.00, 6633.00, 6934.00, 192856
2009/06/01, 6984.00, 7050.00, 6695.00, 6834.00, 274461
2009/06/08, 6853.00, 6883.00, 6335.00, 6443.00, 327439
2009/06/15, 6400.00, 6400.00, 5995.00, 6140.00, 305298
2009/06/22, 6150.00, 6494.00, 6060.00, 6387.00, 325595
2009/06/29, 6409.00, 6632.00, 6303.00, 6603.00, 312801
2009/07/06, 6603.00, 6779.00, 6528.00, 6758.00, 275598
2009/07/13, 6753.00, 6803.00, 6442.00, 6760.00, 247274
2009/07/20, 6818.00, 6965.00, 6757.00, 6897.00, 272583
2009/07/27, 6950.00, 7132.00, 6868.00, 7032.00, 259914
2009/08/03, 7032.00, 7068.00, 6702.00, 6799.00, 279930
2009/08/10, 6807.00, 7112.00, 6735.00, 7061.00, 269207
2009/08/17, 7014.00, 7034.00, 6553.00, 6596.00, 285582
2009/08/24, 6724.00, 6835.00, 6610.00, 6755.00, 335158
2009/08/31, 6765.00, 7170.00, 6702.00, 7152.00, 323293
2009/09/07, 7180.00, 7763.00, 7145.00, 7353.00, 315331
2009/09/14, 7315.00, 7516.00, 7205.00, 7467.00, 234998
2009/09/21, 7486.00, 7557.00, 7235.00, 7335.00, 303415
2009/09/28, 7286.00, 7615.00, 7214.00, 7358.00, 274655
2009/10/05, 7358.00, 7627.00, 7325.00, 7555.00, 267234
2009/10/12, 7578.00, 7785.00, 7276.00, 7695.00, 269245
2009/10/19, 7650.00, 7800.00, 7526.00, 7599.00, 212175
2009/10/26, 7612.00, 7765.00, 7205.00, 7283.00, 308429
2009/11/02, 7150.00, 7524.00, 7135.00, 7474.00, 251067
2009/11/09, 7523.00, 7718.00, 7506.00, 7673.00, 218453
2009/11/16, 7692.00, 8000.00, 7606.00, 7670.00, 226703
2009/11/23, 7670.00, 7825.00, 7436.00, 7441.00, 221831
2009/11/30, 7555.00, 7756.00, 7512.00, 7594.00, 216786
2009/12/07, 7613.00, 7807.00, 7590.00, 7790.00, 246055
2009/12/14, 7790.00, 7849.00, 7611.00, 7701.00, 232163
2009/12/21, 7704.00, 7987.00, 7701.00, 7982.00, 186829
2009/12/28, 7993.00, 8206.00, 7976.00, 8201.00, 139046
2010/01/04, 8195.00, 8355.00, 8101.00, 8277.00, 289057
2010/01/11, 8291.00, 8384.00, 8191.00, 8367.00, 243017
2010/01/18, 8302.00, 8383.00, 7885.00, 7897.00, 250451
2010/01/25, 7801.00, 7911.00, 7441.00, 7581.00, 354233
2010/02/01, 7575.00, 7632.00, 7055.00, 7155.00, 433998
2010/02/08, 7158.00, 7478.00, 7125.00, 7414.00, 178084
2010/02/22, 7615.00, 7695.00, 7335.00, 7383.00, 256903
2010/03/01, 7410.00, 7692.00, 7394.00, 7656.00, 314394
2010/03/08, 7731.00, 7808.00, 7687.00, 7752.00, 210470
2010/03/15, 7750.00, 7922.00, 7632.00, 7867.00, 214863
2010/03/22, 7835.00, 7918.00, 7716.00, 7883.00, 314624
2010/03/29, 7903.00, 8048.00, 7883.00, 8037.00, 201764
2010/04/06, 8061.00, 8174.00, 8045.00, 8099.00, 193866
2010/04/12, 8155.00, 8195.00, 8013.00, 8102.00, 253551
2010/04/19, 8020.00, 8033.00, 7821.00, 7959.00, 246664
2010/04/26, 8060.00, 8162.00, 7920.00, 7989.00, 259187
2010/05/03, 7920.00, 8000.00, 7348.00, 7504.00, 377265
2010/05/10, 7557.00, 7777.00, 7530.00, 7756.00, 319558
2010/05/17, 7670.00, 7683.00, 7112.00, 7206.00, 297090
2010/05/24, 7228.00, 7328.00, 7006.00, 7277.00, 368064
2010/05/31, 7294.00, 7349.00, 7102.00, 7318.00, 327026
2010/06/07, 7107.00, 7306.00, 6989.00, 7292.00, 306892
2010/06/14, 7370.00, 7537.00, 7298.00, 7349.00, 165867
2010/06/21, 7446.00, 7525.00, 7302.00, 7322.00, 271336
2010/06/28, 7327.00, 7454.00, 7062.00, 7161.00, 295163
2010/07/05, 7185.00, 7582.00, 7169.00, 7566.00, 283714
2010/07/12, 7585.00, 7728.00, 7518.00, 7670.00, 267407
2010/07/19, 7599.00, 7757.00, 7536.00, 7678.00, 210881
2010/07/26, 7716.00, 7733.00, 7634.00, 7680.00, 223092
2010/08/02, 7750.00, 7961.00, 7740.00, 7928.00, 206108
2010/08/09, 7917.00, 8001.00, 7765.00, 7913.00, 228214
2010/08/16, 7858.00, 7972.00, 7831.00, 7888.00, 188331
2010/08/23, 7881.00, 8003.00, 7605.00, 7660.00, 274787
2010/08/30, 7736.00, 7794.00, 7536.00, 7779.00, 271625
2010/09/06, 7833.00, 7908.00, 7790.00, 7897.00, 226036
2010/09/13, 7950.00, 8209.00, 7933.00, 8170.00, 209993
2010/09/20, 8143.00, 8248.00, 8121.00, 8147.00, 218426
2010/09/27, 8213.00, 8296.00, 8150.00, 8235.00, 217858
2010/10/04, 8236.00, 8300.00, 8128.00, 8215.00, 225278
2010/10/11, 8240.00, 8250.00, 8021.00, 8194.00, 261964
2010/10/18, 8172.00, 8193.00, 7948.00, 8139.00, 242468
2010/10/25, 8160.00, 8368.00, 8157.00, 8302.00, 262525
2010/11/01, 8330.00, 8499.00, 8283.00, 8464.00, 236787
2010/11/08, 8481.00, 8492.00, 8302.00, 8311.00, 194264
2010/11/15, 8300.00, 8360.00, 8219.00, 8290.00, 216987
2010/11/22, 8316.00, 8396.00, 8272.00, 8298.00, 222780
2010/11/29, 8348.00, 8647.00, 8312.00, 8628.00, 267113
2010/12/06, 8638.00, 8797.00, 8633.00, 8743.00, 202986
2010/12/13, 8733.00, 8840.00, 8705.00, 8808.00, 167745
2010/12/20, 8816.00, 8909.00, 8728.00, 8879.00, 205686
2010/12/27, 8860.00, 8996.00, 8830.00, 8987.00, 212460
2011/01/03, 9005.00, 9032.00, 8612.00, 8753.00, 240275
2011/01/10, 8731.00, 9017.00, 8731.00, 8969.00, 223444
2011/01/17, 8982.00, 9084.00, 8860.00, 8906.00, 212772
2011/01/24, 8920.00, 9141.00, 8910.00, 9136.00, 201395
2011/02/08, 9180.00, 9197.00, 8523.00, 8564.00, 277263
2011/02/14, 8606.00, 8845.00, 8531.00, 8809.00, 268320
2011/02/21, 8803.00, 8814.00, 8432.00, 8615.00, 400283
2011/03/01, 8691.00, 8800.00, 8582.00, 8761.00, 236546
2011/03/07, 8741.00, 8798.00, 8481.00, 8559.00, 306078
2011/03/14, 8538.00, 8568.00, 8027.00, 8321.00, 421011
2011/03/21, 8345.00, 8624.00, 8329.00, 8577.00, 309199
2011/03/28, 8579.00, 8689.00, 8475.00, 8684.00, 287360
2011/04/06, 8727.00, 8933.00, 8726.00, 8868.00, 165463
2011/04/11, 8854.00, 8882.00, 8681.00, 8705.00, 324218
2011/04/18, 8686.00, 9008.00, 8585.00, 8991.00, 246053
2011/04/25, 9002.00, 9099.00, 8870.00, 9024.00, 349313
2011/05/03, 9039.00, 9069.00, 8861.00, 9014.00, 290515
2011/05/09, 9022.00, 9118.00, 8943.00, 9029.00, 286563
2011/05/16, 8984.00, 9043.00, 8806.00, 8817.00, 324410
2011/05/23, 8752.00, 8854.00, 8651.00, 8780.00, 350413
2011/05/30, 8767.00, 9106.00, 8709.00, 9070.00, 316055
2011/06/07, 9035.00, 9092.00, 8812.00, 8829.00, 298441
2011/06/13, 8783.00, 8877.00, 8436.00, 8462.00, 330896
2011/06/20, 8500.00, 8525.00, 8365.00, 8410.00, 380421
2011/06/27, 8327.00, 8615.00, 8260.00, 8572.00, 321771
2011/07/04, 8625.00, 8767.00, 8585.00, 8643.00, 266897
2011/07/11, 8606.00, 8630.00, 8360.00, 8563.00, 335254
2011/07/18, 8520.00, 8740.00, 8470.00, 8694.00, 244247
2011/07/25, 8658.00, 8770.00, 8587.00, 8610.00, 336426
2011/08/01, 8708.00, 8729.00, 7709.00, 7765.00, 382909
2011/08/08, 7750.00, 7794.00, 7092.00, 7592.00, 685036
2011/08/15, 7683.00, 7875.00, 7190.00, 7197.00, 398494
2011/08/22, 7189.00, 7558.00, 7161.00, 7444.00, 602160
2011/08/29, 7465.00, 7848.00, 7440.00, 7713.00, 448282
2011/09/05, 7576.00, 7653.00, 7313.00, 7602.00, 473538
2011/09/13, 7506.00, 7628.00, 7161.00, 7608.00, 404713
2011/09/19, 7583.00, 7590.00, 6972.00, 7048.00, 422500
2011/09/26, 7048.00, 7229.00, 6855.00, 7181.00, 478955
2011/10/03, 7045.00, 7260.00, 6871.00, 7192.00, 451193
2011/10/11, 7355.00, 7459.00, 7336.00, 7374.00, 257053
2011/10/17, 7458.00, 7495.00, 7192.00, 7260.00, 290451
2011/10/24, 7380.00, 7777.00, 7375.00, 7628.00, 365896
2011/10/31, 7634.00, 7684.00, 7438.00, 7628.00, 446212
2011/11/07, 7620.00, 7709.00, 7276.00, 7356.00, 376824
2011/11/14, 7474.00, 7562.00, 7235.00, 7246.00, 327775
2011/11/21, 7184.00, 7190.00, 6725.00, 6754.00, 512725
2011/11/28, 6896.00, 7250.00, 6826.00, 7156.00, 414907
2011/12/05, 7162.00, 7167.00, 6790.00, 6887.00, 422254
2011/12/12, 6966.00, 7015.00, 6746.00, 6772.00, 333671
2011/12/19, 6687.00, 7124.00, 6613.00, 7107.00, 244047
2011/12/26, 7118.00, 7148.00, 7000.00, 7039.00, 252892
2012/01/02, 7020.00, 7124.00, 6928.00, 7084.00, 323107
2012/01/09, 7053.00, 7263.00, 7026.00, 7161.00, 230356
2012/01/16, 7239.00, 7280.00, 7071.00, 7206.00, 157861
2012/01/30, 7326.00, 7758.00, 7326.00, 7733.00, 350931
2012/02/06, 7710.00, 7933.00, 7668.00, 7865.00, 323801
2012/02/13, 7867.00, 8020.00, 7807.00, 7929.00, 340440
2012/02/20, 7988.00, 8036.00, 7855.00, 7943.00, 389664
2012/02/29, 7999.00, 8187.00, 7997.00, 8120.00, 219118
2012/03/05, 8098.00, 8108.00, 7840.00, 8003.00, 386725
2012/03/12, 7982.00, 8188.00, 7908.00, 8068.00, 303687
2012/03/19, 8106.00, 8115.00, 7950.00, 8080.00, 287139
2012/03/26, 8091.00, 8097.00, 7786.00, 7886.00, 363365
2012/04/02, 7888.00, 7919.00, 7524.00, 7672.00, 314524
2012/04/09, 7562.00, 7765.00, 7503.00, 7755.00, 380645
2012/04/16, 7700.00, 7739.00, 7490.00, 7515.00, 315639
2012/04/23, 7500.00, 7584.00, 7417.00, 7446.00, 417473
2012/04/30, 7450.00, 7684.00, 7396.00, 7664.00, 256535
2012/05/07, 7564.00, 7578.00, 7356.00, 7366.00, 333136
2012/05/14, 7382.00, 7406.00, 7128.00, 7135.00, 322907
2012/05/21, 7175.00, 7262.00, 7048.00, 7058.00, 349641
2012/05/28, 7071.00, 7336.00, 7025.00, 7096.00, 426329
2012/06/04, 6921.00, 7145.00, 6832.00, 6955.00, 428632
2012/06/11, 7075.00, 7162.00, 6962.00, 7154.00, 344350
2012/06/18, 7305.00, 7323.00, 6996.00, 7034.00, 231238
2012/06/25, 6950.00, 7128.00, 6898.00, 7114.00, 293042
2012/07/02, 7114.00, 7326.00, 7107.00, 7272.00, 270109
2012/07/09, 7213.00, 7272.00, 7045.00, 7071.00, 312112
2012/07/16, 7096.00, 7136.00, 6945.00, 7013.00, 259707
2012/07/23, 6936.00, 7032.00, 6776.00, 7028.00, 306544
2012/07/30, 7097.00, 7211.00, 7056.00, 7140.00, 226096
2012/08/06, 7265.00, 7465.00, 7223.00, 7444.00, 258597
2012/08/13, 7437.00, 7545.00, 7430.00, 7474.00, 218843
2012/08/20, 7474.00, 7552.00, 7397.00, 7487.00, 277233
2012/08/27, 7528.00, 7551.00, 7341.00, 7382.00, 235991
2012/09/03, 7356.00, 7480.00, 7286.00, 7419.00, 246919
2012/09/10, 7424.00, 7758.00, 7413.00, 7738.00, 213122
2012/09/17, 7731.00, 7794.00, 7713.00, 7761.00, 173626
2012/09/24, 7743.00, 7811.00, 7666.00, 7719.00, 248517
2012/10/01, 7692.00, 7748.00, 7633.00, 7701.00, 221380
2012/10/08, 7680.00, 7692.00, 7384.00, 7413.00, 202240
2012/10/15, 7391.00, 7525.00, 7385.00, 7387.00, 174299
2012/10/22, 7290.00, 7360.00, 7090.00, 7092.00, 276738
2012/10/29, 7112.00, 7226.00, 7030.00, 7201.00, 307106
2012/11/05, 7195.00, 7300.00, 7127.00, 7286.00, 316461
2012/11/12, 7270.00, 7305.00, 7035.00, 7107.00, 296877
2012/11/19, 7137.00, 7328.00, 7051.00, 7319.00, 229332
2012/11/26, 7370.00, 7604.00, 7357.00, 7594.00, 246231
2012/12/03, 7605.00, 7692.00, 7548.00, 7659.00, 247546
2012/12/10, 7681.00, 7777.00, 7580.00, 7704.00, 248001
2012/12/17, 7690.00, 7709.00, 7471.00, 7527.00, 252901
2012/12/24, 7517.00, 7709.00, 7490.00, 7677.00, 230086
2013/01/02, 7725.00, 7835.00, 7701.00, 7775.00, 127535
2013/01/07, 7748.00, 7867.00, 7672.00, 7802.00, 272867
2013/01/14, 7762.00, 7828.00, 7582.00, 7712.00, 277996
2013/01/21, 7680.00, 7788.00, 7612.00, 7650.00, 321316
2013/01/28, 7635.00, 7900.00, 7621.00, 7859.00, 280406
2013/02/04, 7878.00, 7952.00, 7869.00, 7901.00, 127857
2013/02/18, 7965.00, 8027.00, 7902.00, 7992.00, 197110
2013/02/25, 7985.00, 7990.00, 7860.00, 7936.00, 150981
2013/03/04, 7941.00, 8032.00, 7827.00, 8008.00, 233963
2013/03/11, 8008.00, 8068.00, 7906.00, 7909.00, 259746
2013/03/18, 7865.00, 7870.00, 7765.00, 7774.00, 182212
2013/03/25, 7838.00, 7935.00, 7820.00, 7923.00, 182984
2013/04/01, 7933.00, 7953.00, 7875.00, 7936.00, 108663
2013/04/08, 7876.00, 7876.00, 7697.00, 7784.00, 221937
2013/04/15, 7762.00, 7945.00, 7693.00, 7942.00, 259741
2013/04/22, 7964.00, 8066.00, 7896.00, 7997.00, 230160
2013/04/29, 8003.00, 8175.00, 8000.00, 8140.00, 155582
2013/05/06, 8198.00, 8330.00, 8150.00, 8309.00, 197999
2013/05/13, 8315.00, 8440.00, 8229.00, 8401.00, 206500
2013/05/20, 8405.00, 8449.00, 8146.00, 8220.00, 272046
2013/05/27, 8190.00, 8345.00, 8183.00, 8242.00, 284772
2013/06/03, 8146.00, 8230.00, 8050.00, 8087.00, 274931
2013/06/10, 8140.00, 8186.00, 7905.00, 7921.00, 200440
2013/06/17, 7921.00, 8038.00, 7588.00, 7658.00, 238571
2013/06/24, 7625.00, 7860.00, 7580.00, 7828.00, 336442
2013/07/01, 7818.00, 7979.00, 7801.00, 7964.00, 267577
2013/07/08, 7961.00, 8185.00, 7820.00, 8183.00, 300806
2013/07/15, 8145.00, 8258.00, 7953.00, 7957.00, 250486
2013/07/22, 7967.00, 8183.00, 7967.00, 8099.00, 290218
2013/07/29, 8074.00, 8146.00, 8000.00, 8061.00, 304695
2013/08/05, 8066.00, 8108.00, 7801.00, 7824.00, 292633
2013/08/12, 7850.00, 7961.00, 7800.00, 7914.00, 271857
2013/08/19, 7888.00, 7920.00, 7690.00, 7784.00, 183827
2013/08/26, 7816.00, 7983.00, 7678.00, 7972.00, 281437
2013/09/02, 7968.00, 8154.00, 7955.00, 8140.00, 236423
2013/09/09, 8158.00, 8220.00, 8095.00, 8162.00, 287814
2013/09/16, 8211.00, 8269.00, 8197.00, 8238.00, 81809
2013/09/23, 8183.00, 8274.00, 8156.00, 8182.00, 211347
2013/09/30, 8127.00, 8393.00, 8084.00, 8366.00, 234790
2013/10/07, 8360.00, 8450.00, 8290.00, 8361.00, 177885
2013/10/14, 8348.00, 8429.00, 8272.00, 8417.00, 190202
2013/10/21, 8440.00, 8444.00, 8291.00, 8320.00, 237345
2013/10/28, 8320.00, 8476.00, 8320.00, 8391.00, 248865
2013/11/04, 8361.00, 8369.00, 8211.00, 8224.00, 250767
2013/11/11, 8236.00, 8247.00, 8085.00, 8161.00, 240225
2013/11/18, 8191.00, 8259.00, 8050.00, 8087.00, 182941
2013/11/25, 8140.00, 8429.00, 8138.00, 8425.00, 230828
2013/12/02, 8437.00, 8449.00, 8350.00, 8384.00, 235972
2013/12/09, 8459.00, 8510.00, 8350.00, 8396.00, 224932
2013/12/16, 8371.00, 8431.00, 8325.00, 8414.00, 176937
2013/12/23, 8452.00, 8549.00, 8445.00, 8543.00, 124468
2013/12/30, 8556.00, 8664.00, 8531.00, 8542.00, 158069
2014/01/06, 8530.00, 8599.00, 8504.00, 8541.00, 209671
2014/01/13, 8580.00, 8662.00, 8514.00, 8604.00, 191899
2014/01/20, 8583.00, 8650.00, 8552.00, 8617.00, 206723
2014/01/27, 8550.00, 8550.00, 8445.00, 8449.00, 64287
2014/02/05, 8302.00, 8373.00, 8196.00, 8339.00, 157501
2014/02/10, 8375.00, 8567.00, 8346.00, 8506.00, 208836
2014/02/17, 8548.00, 8598.00, 8483.00, 8588.00, 175240
2014/02/24, 8591.00, 8632.00, 8534.00, 8625.00, 152470
2014/03/03, 8567.00, 8772.00, 8510.00, 8704.00, 229584
2014/03/10, 8676.00, 8756.00, 8645.00, 8692.00, 192056
2014/03/17, 8698.00, 8752.00, 8558.00, 8573.00, 181011
2014/03/24, 8573.00, 8775.00, 8523.00, 8736.00, 246740
2014/03/31, 8772.00, 8888.00, 8734.00, 8867.00, 146524
2014/04/07, 8820.00, 8938.00, 8803.00, 8869.00, 179810
2014/04/14, 8860.00, 8971.00, 8853.00, 8917.00, 144232
2014/04/21, 8920.00, 8980.00, 8743.00, 8750.00, 202925
2014/04/28, 8695.00, 8858.00, 8690.00, 8840.00, 223588
2014/05/05, 8861.00, 8890.00, 8802.00, 8842.00, 251885
2014/05/12, 8854.00, 8887.00, 8790.00, 8876.00, 216132
2014/05/19, 8878.00, 9014.00, 8850.00, 9011.00, 171688
2014/05/26, 9022.00, 9149.00, 9009.00, 9089.00, 166037
2014/06/03, 9112.00, 9158.00, 9061.00, 9125.00, 132679
2014/06/09, 9142.00, 9215.00, 9129.00, 9195.00, 127713
2014/06/16, 9182.00, 9308.00, 9177.00, 9179.00, 144071
2014/06/23, 9178.00, 9243.00, 9137.00, 9206.00, 172568
2014/06/30, 9219.00, 9494.00, 9218.00, 9453.00, 262660
2014/07/07, 9438.00, 9566.00, 9398.00, 9486.00, 238543
2014/07/14, 9480.00, 9581.00, 9281.00, 9339.00, 218510
2014/07/21, 9377.00, 9470.00, 9351.00, 9390.00, 190007
2014/07/28, 9368.00, 9446.00, 9209.00, 9251.00, 281443
2014/08/04, 9260.00, 9297.00, 8991.00, 9090.00, 277628
2014/08/11, 9132.00, 9253.00, 9103.00, 9202.00, 211416
2014/08/18, 9212.00, 9387.00, 9126.00, 9378.00, 222755
2014/08/25, 9389.00, 9500.00, 9366.00, 9471.00, 183056
2014/09/01, 9473.00, 9550.00, 9371.00, 9406.00, 261070
2014/09/09, 9423.00, 9550.00, 9229.00, 9246.00, 203031
2014/09/15, 9204.00, 9303.00, 9141.00, 9263.00, 230410
2014/09/22, 9205.00, 9210.00, 8936.00, 8982.00, 305321
2014/09/29, 8992.00, 9107.00, 8871.00, 9098.00, 348774
2014/10/06, 9105.00, 9110.00, 8929.00, 8980.00, 243808
2014/10/13, 8802.00, 8817.00, 8496.00, 8499.00, 351457
2014/10/20, 8596.00, 8764.00, 8588.00, 8641.00, 311831
2014/10/27, 8671.00, 8978.00, 8592.00, 8975.00, 311941
2014/11/03, 8984.00, 9055.00, 8863.00, 8937.00, 336357
2014/11/10, 8965.00, 9105.00, 8900.00, 8962.00, 305853
2014/11/17, 8955.00, 9125.00, 8838.00, 9103.00, 286331
2014/11/24, 9135.00, 9235.00, 9071.00, 9179.00, 233172
2014/12/01, 9050.00, 9265.00, 8991.00, 9214.00, 359042
2014/12/08, 9263.00, 9265.00, 8959.00, 9005.00, 310008
2014/12/15, 8958.00, 9042.00, 8834.00, 9017.00, 304916
2014/12/22, 9030.00, 9257.00, 9023.00, 9255.00, 245484
2014/12/29, 9247.00, 9343.00, 9242.00, 9281.00, 154209
2015/01/05, 9243.00, 9335.00, 9018.00, 9230.00, 341788
2015/01/12, 9188.00, 9275.00, 9081.00, 9115.00, 350326
2015/01/19, 9208.00, 9488.00, 9141.00, 9461.00, 267994
2015/01/26, 9446.00, 9539.00, 9385.00, 9398.00, 259893
2015/02/02, 9387.00, 9557.00, 9370.00, 9470.00, 247629
2015/02/09, 9436.00, 9549.00, 9415.00, 9514.00, 200528
2015/02/24, 9580.00, 9696.00, 9579.00, 9648.00, 98944
2015/03/02, 9655.00, 9683.00, 9551.00, 9637.00, 243630
2015/03/09, 9583.00, 9633.00, 9450.00, 9598.00, 269072
2015/03/16, 9586.00, 9769.00, 9535.00, 9757.00, 221633
2015/03/23, 9759.00, 9770.00, 9525.00, 9542.00, 261582
2015/03/30, 9511.00, 9630.00, 9487.00, 9614.00, 218486
2015/04/07, 9650.00, 9675.00, 9558.00, 9632.00, 243527
2015/04/13, 9670.00, 9683.00, 9507.00, 9582.00, 245098
2015/04/20, 9526.00, 9999.00, 9506.00, 9920.00, 404449
2015/04/27, 9952.00, 10032.00, 9857.00, 9877.00, 289474
2015/05/04, 9898.00, 9911.00, 9713.00, 9718.00, 303317
2015/05/11, 9798.00, 9815.00, 9541.00, 9576.00, 353847
2015/05/18, 9613.00, 9726.00, 9514.00, 9627.00, 283656
2015/05/25, 9605.00, 9764.00, 9550.00, 9703.00, 333327
2015/06/01, 9667.00, 9712.00, 9268.00, 9309.00, 384903
2015/06/08, 9310.00, 9403.00, 9201.00, 9268.00, 391460
2015/06/15, 9268.00, 9318.00, 9011.00, 9048.00, 217885
2015/06/22, 9100.00, 9370.00, 9099.00, 9322.00, 306102
2015/06/29, 9201.00, 9324.00, 9109.00, 9301.00, 356447
2015/07/06, 9239.00, 9302.00, 8723.00, 8875.00, 410385
2015/07/13, 8942.00, 9084.00, 8870.00, 8913.00, 368557
2015/07/20, 8963.00, 9026.00, 8653.00, 8686.00, 476938
2015/07/27, 8638.00, 8670.00, 8439.00, 8575.00, 493087
2015/08/03, 8548.00, 8579.00, 8311.00, 8389.00, 521457
2015/08/10, 8402.00, 8555.00, 8242.00, 8326.00, 483475
2015/08/17, 8332.00, 8333.00, 7739.00, 7744.00, 432092
2015/08/24, 7600.00, 7901.00, 7000.00, 7871.00, 780851
2015/08/31, 7835.00, 8039.00, 7760.00, 7894.00, 619996
2015/09/07, 7851.00, 8340.00, 7843.00, 8266.00, 526613
2015/09/14, 8316.00, 8477.00, 8210.00, 8441.00, 331594
2015/09/21, 8328.00, 8340.00, 8033.00, 8119.00, 494394
2015/09/30, 8024.00, 8328.00, 7982.00, 8278.00, 319496
2015/10/05, 8353.00, 8544.00, 8276.00, 8443.00, 404444
2015/10/12, 8488.00, 8667.00, 8464.00, 8607.00, 404057
2015/10/19, 8629.00, 8752.00, 8566.00, 8694.00, 303442
2015/10/26, 8730.00, 8766.00, 8484.00, 8570.00, 396758
2015/11/02, 8533.00, 8899.00, 8502.00, 8689.00, 427617
2015/11/09, 8685.00, 8747.00, 8318.00, 8356.00, 530025
2015/11/16, 8250.00, 8490.00, 8212.00, 8445.00, 408576
2015/11/23, 8487.00, 8534.00, 8320.00, 8391.00, 488218
2015/11/30, 8321.00, 8510.00, 8203.00, 8394.00, 510943
2015/12/07, 8500.00, 8550.00, 8067.00, 8068.00, 523043
2015/12/14, 7963.00, 8318.00, 7948.00, 8230.00, 425323
2015/12/21, 8170.00, 8388.00, 8132.00, 8377.00, 437077
2015/12/28, 8374.00, 8394.00, 8226.00, 8272.00, 288860
2016/01/04, 8261.00, 8294.00, 7731.00, 7868.00, 662148
2016/01/11, 7738.00, 7849.00, 7607.00, 7665.00, 582968
2016/01/18, 7503.00, 7869.00, 7503.00, 7748.00, 599421
2016/01/25, 7776.00, 8168.00, 7745.00, 8163.00, 614377
2016/02/01, 8140.00, 8150.00, 7993.00, 8034.00, 294953
2016/02/15, 7925.00, 8332.00, 7906.00, 8306.00, 363949
2016/02/22, 8293.00, 8416.00, 8217.00, 8391.00, 497771
2016/03/01, 8363.00, 8618.00, 8360.00, 8605.00, 354203
2016/03/07, 8605.00, 8709.00, 8526.00, 8709.00, 425260
2016/03/14, 8733.00, 8819.00, 8578.00, 8767.00, 387296
2016/03/21, 8800.00, 8809.00, 8628.00, 8703.00, 482898
2016/03/28, 8713.00, 8814.00, 8564.00, 8628.00, 518078
2016/04/06, 8588.00, 8598.00, 8375.00, 8486.00, 304957
2016/04/11, 8464.00, 8724.00, 8415.00, 8718.00, 465194
2016/04/18, 8658.00, 8748.00, 8455.00, 8498.00, 409655
2016/04/25, 8518.00, 8619.00, 8304.00, 8310.00, 477432
2016/05/03, 8314.00, 8330.00, 8061.00, 8102.00, 386495
2016/05/09, 8140.00, 8192.00, 7954.00, 8016.00, 494806
2016/05/16, 8026.00, 8153.00, 7988.00, 8106.00, 445919
2016/05/23, 8120.00, 8467.00, 8052.00, 8463.00, 447229
2016/05/30, 8480.00, 8610.00, 8432.00, 8576.00, 441788
2016/06/06, 8576.00, 8742.00, 8508.00, 8717.00, 261299
2016/06/13, 8638.00, 8639.00, 8248.00, 8396.00, 420862
2016/06/20, 8503.00, 8552.00, 8140.00, 8235.00, 567215
2016/06/27, 8245.00, 8637.00, 8239.00, 8626.00, 487735
2016/07/04, 8639.00, 8680.00, 8443.00, 8563.00, 333287
2016/07/11, 8678.00, 8924.00, 8671.00, 8915.00, 394942
2016/07/18, 8916.00, 9042.00, 8912.00, 8925.00, 340158
2016/07/25, 8964.00, 9049.00, 8804.00, 8893.00, 526638
2016/08/01, 8936.00, 9074.00, 8861.00, 9065.00, 430183
2016/08/08, 9135.00, 9167.00, 9000.00, 9132.00, 419319
2016/08/15, 9143.00, 9160.00, 8942.00, 8947.00, 409574
2016/08/22, 8938.00, 9090.00, 8852.00, 9082.00, 405557
2016/08/29, 9050.00, 9085.00, 8883.00, 8933.00, 494434
2016/09/05, 8991.00, 9262.00, 8922.00, 8955.00, 429780
2016/09/12, 8984.00, 8993.00, 8817.00, 8876.00, 293845
2016/09/19, 8940.00, 9262.00, 8935.00, 9235.00, 349443
2016/09/26, 9226.00, 9295.00, 9128.00, 9130.00, 256608
2016/10/03, 9200.00, 9283.00, 9162.00, 9252.00, 325188
2016/10/11, 9294.00, 9342.00, 9143.00, 9169.00, 384847
2016/10/17, 9183.00, 9321.00, 9060.00, 9266.00, 402368
2016/10/24, 9292.00, 9393.00, 9260.00, 9279.00, 383444
2016/10/31, 9265.00, 9299.00, 9047.00, 9065.00, 453226
2016/11/07, 9130.00, 9308.00, 8891.00, 8967.00, 615534
2016/11/14, 8961.00, 9034.00, 8877.00, 8987.00, 441380
2016/11/21, 8979.00, 9192.00, 8971.00, 9161.00, 363849
2016/11/28, 9157.00, 9279.00, 9148.00, 9163.00, 405355
2016/12/05, 9149.00, 9399.00, 9118.00, 9389.00, 334876
2016/12/12, 9420.00, 9440.00, 9305.00, 9311.00, 337962
2016/12/19, 9291.00, 9317.00, 9088.00, 9092.00, 331464
2016/12/26, 9105.00, 9281.00, 9089.00, 9262.00, 299513
2017/01/03, 9266.00, 9375.00, 9231.00, 9365.00, 238893
2017/01/09, 9377.00, 9433.00, 9320.00, 9375.00, 315063
2017/01/16, 9360.00, 9361.00, 9255.00, 9330.00, 266429
2017/01/23, 9320.00, 9464.00, 9319.00, 9442.00, 116889
2017/02/02, 9490.00, 9509.00, 9375.00, 9437.00, 147753
2017/02/06, 9478.00, 9681.00, 9441.00, 9657.00, 346618
2017/02/13, 9668.00, 9852.00, 9661.00, 9786.00, 338066
2017/02/20, 9785.00, 9827.00, 9727.00, 9760.00, 369848
2017/03/01, 9768.00, 9783.00, 9623.00, 9630.00, 280771
2017/03/06, 9640.00, 9765.00, 9555.00, 9624.00, 396643
2017/03/13, 9640.00, 9896.00, 9640.00, 9889.00, 327298
2017/03/20, 9873.00, 9980.00, 9851.00, 9900.00, 369834
2017/03/27, 9878.00, 9927.00, 9805.00, 9821.00, 400584
2017/04/05, 9847.00, 9968.00, 9772.00, 9861.00, 296008
2017/04/10, 9866.00, 9895.00, 9711.00, 9716.00, 436247
2017/04/17, 9740.00, 9772.00, 9585.00, 9698.00, 359585
2017/04/24, 9744.00, 9884.00, 9684.00, 9856.00, 395764
2017/05/02, 9895.00, 9966.00, 9879.00, 9886.00, 242623
2017/05/08, 9926.00, 9997.00, 9895.00, 9981.00, 376304
2017/05/15, 9988.00, 10031.00, 9976.00, 10025.00, 49606
2017/05/16, 10024.00, 10055.00, 9877.00, 9932.00, 268118
2017/05/22, 9932.00, 10136.00, 9931.00, 10093.00, 314584
2017/05/31, 10093.00, 10159.00, 10004.00, 10156.00, 215334
2017/06/05, 10147.00, 10252.00, 10115.00, 10191.00, 296819
2017/06/12, 10193.00, 10210.00, 10017.00, 10146.00, 380056
2017/06/19, 10149.00, 10371.00, 10135.00, 10215.00, 328455
2017/06/26, 10216.00, 10423.00, 10182.00, 10252.00, 489253
2017/07/03, 10251.00, 10331.00, 10171.00, 10202.00, 480524
2017/07/10, 10203.00, 10442.00, 10180.00, 10403.00, 404392
2017/07/17, 10403.00, 10542.00, 10324.00, 10328.00, 323521
2017/07/24, 10324.00, 10466.00, 10286.00, 10339.00, 413693
2017/07/31, 10340.00, 10471.00, 9408.00, 10442.00, 407782
2017/08/07, 10444.00, 10568.00, 10221.00, 10301.00, 468702
2017/08/14, 10311.00, 10356.00, 10200.00, 10257.00, 461888
2017/08/21, 10250.00, 10494.00, 10218.00, 10487.00, 430320
2017/08/28, 10489.00, 10598.00, 10421.00, 10574.00, 415324
2017/09/04, 10579.00, 10597.00, 10478.00, 10551.00, 427271
2017/09/11, 10555.00, 10635.00, 10486.00, 10566.00, 434694
2017/09/18, 10568.00, 10657.00, 10427.00, 10432.00, 431031
2017/09/25, 10432.00, 10453.00, 10260.00, 10379.00, 566260
2017/10/02, 10392.00, 10544.00, 10386.00, 10523.00, 261827
2017/10/11, 10519.00, 10713.00, 10507.00, 10710.00, 203321
2017/10/16, 10709.00, 10799.00, 10685.00, 10729.00, 369315
2017/10/23, 10742.00, 10792.00, 10685.00, 10710.00, 397863
2017/10/30, 10710.00, 10832.00, 10709.00, 10787.00, 426948
2017/11/06, 10787.00, 10831.00, 10662.00, 10728.00, 399953
2017/11/13, 10723.00, 10727.00, 10551.00, 10703.00, 373831
2017/11/20, 10710.00, 10877.00, 10653.00, 10854.00, 380286
2017/11/27, 10850.00, 10870.00, 10496.00, 10603.00, 520778
2017/12/04, 10610.00, 10653.00, 10321.00, 10396.00, 621634
2017/12/11, 10391.00, 10583.00, 10383.00, 10485.00, 461500
2017/12/18, 10475.00, 10540.00, 10430.00, 10533.00, 387725
2017/12/25, 10537.00, 10644.00, 10388.00, 10633.00, 412312
2018/01/02, 10631.00, 10867.00, 10614.00, 10858.00, 317607
2018/01/08, 10860.00, 10909.00, 10766.00, 10876.00, 426786
2018/01/15, 10883.00, 11142.00, 10874.00, 11138.00, 406863
2018/01/22, 11143.00, 11272.00, 11080.00, 11144.00, 642367
2018/01/29, 11148.00, 11238.00, 11017.00, 11114.00, 617594
2018/02/05, 11104.00, 11116.00, 10123.00, 10353.00, 1147677
2018/02/12, 10336.00, 10438.00, 10188.00, 10413.00, 182886
2018/02/21, 10413.00, 10788.00, 10383.00, 10782.00, 316895
2018/02/26, 10799.00, 10914.00, 10575.00, 10678.00, 526287
2018/03/05, 10680.00, 10910.00, 10593.00, 10862.00, 755061
2018/03/12, 10860.00, 11121.00, 10844.00, 11016.00, 619843
2018/03/19, 11005.00, 11122.00, 10715.00, 10733.00, 644493
2018/03/26, 10750.00, 11000.00, 10621.00, 10925.00, 821315
2018/04/02, 10921.00, 10959.00, 10701.00, 10783.00, 260426
2018/04/09, 10795.00, 11024.00, 10786.00, 10957.00, 653563
2018/04/16, 10966.00, 10984.00, 10773.00, 10786.00, 638384
2018/04/23, 10759.00, 10767.00, 10412.00, 10560.00, 859446
2018/04/30, 10568.00, 10670.00, 10407.00, 10522.00, 568168
2018/05/07, 10508.00, 10865.00, 10480.00, 10860.00, 577857
2018/05/14, 10856.00, 10975.00, 10790.00, 10819.00, 442356
2018/05/21, 10829.00, 10999.00, 10798.00, 10932.00, 582216
2018/05/28, 10935.00, 10989.00, 10761.00, 10914.00, 555854
2018/06/04, 10924.00, 11253.00, 10920.00, 11125.00, 548219
2018/06/11, 11115.00, 11173.00, 10957.00, 11054.00, 590944
2018/06/19, 11045.00, 11051.00, 10582.00, 10655.00, 477665
2018/06/25, 10665.00, 10691.00, 10484.00, 10677.00, 713645
2018/07/02, 10688.00, 10719.00, 10414.00, 10538.00, 804536
2018/07/09, 10517.00, 10850.00, 10493.00, 10848.00, 630033
2018/07/16, 10842.00, 10874.00, 10692.00, 10824.00, 582882
2018/07/23, 10840.00, 10995.00, 10793.00, 10991.00, 580500
2018/07/30, 10997.00, 11059.00, 10862.00, 10967.00, 557712
2018/08/06, 10974.00, 11070.00, 10950.00, 10961.00, 508446
2018/08/13, 10955.00, 10971.00, 10586.00, 10661.00, 674567
2018/08/20, 10655.00, 10851.00, 10613.00, 10787.00, 640881
2018/08/27, 10773.00, 11134.00, 10762.00, 11022.00, 610039
2018/09/03, 11010.00, 11045.00, 10600.00, 10845.00, 745210
2018/09/10, 10844.00, 10887.00, 10682.00, 10879.00, 729683
2018/09/17, 10880.00, 10975.00, 10761.00, 10972.00, 539580
2018/09/25, 10979.00, 11039.00, 10920.00, 10955.00, 449395
2018/10/01, 10944.00, 11022.00, 10431.00, 10510.00, 720853
2018/10/08, 10510.00, 10530.00, 9630.00, 9958.00, 868240
2018/10/15, 9978.00, 10115.00, 9745.00, 9901.00, 863953
2018/10/22, 9905.00, 9972.00, 9339.00, 9424.00, 1235754
2018/10/29, 9448.00, 9877.00, 9330.00, 9872.00, 1153501
2018/11/05, 9882.00, 9999.00, 9741.00, 9791.00, 828171
2018/11/12, 9776.00, 9927.00, 9528.00, 9785.00, 924479
2018/11/19, 9780.00, 9850.00, 9613.00, 9625.00, 697609
2018/11/26, 9624.00, 9995.00, 9621.00, 9854.00, 796609
2018/12/03, 9855.00, 10155.00, 9573.00, 9746.00, 814974
2018/12/10, 9749.00, 9886.00, 9560.00, 9729.00, 860371
2018/12/17, 9722.00, 9825.00, 9556.00, 9586.00, 805889
2018/12/24, 9604.00, 9679.00, 9410.00, 9669.00, 640830
2019/01/02, 9660.00, 9763.00, 9306.00, 9370.00, 555138
2019/01/07, 9386.00, 9802.00, 9373.00, 9750.00, 756858
2019/01/14, 9756.00, 9850.00, 9660.00, 9821.00, 620763
2019/01/21, 9822.00, 9989.00, 9795.00, 9968.00, 604019
2019/01/28, 9972.00, 10038.00, 9880.00, 10000.00, 369832
2019/02/11, 10006.00, 10141.00, 9966.00, 10042.00, 484493
2019/02/18, 10040.00, 10326.00, 10029.00, 10308.00, 445310
2019/02/25, 10314.00, 10420.00, 10314.00, 10361.00, 293193
2019/03/04, 10345.00, 10400.00, 10162.00, 10201.00, 582625
2019/03/11, 10190.00, 10430.00, 10149.00, 10413.00, 520727
2019/03/18, 10414.00, 10663.00, 10409.00, 10613.00, 449095
2019/03/25, 10610.00, 10629.00, 10419.00, 10598.00, 613815
2019/04/01, 10594.00, 10727.00, 10592.00, 10695.00, 355207
2019/04/08, 10702.00, 10885.00, 10700.00, 10802.00, 470031
2019/04/15, 10805.00, 11042.00, 10800.00, 10973.00, 489501
2019/04/22, 10980.00, 11060.00, 10900.00, 10934.00, 578093
2019/04/29, 10921.00, 11094.00, 10883.00, 11092.00, 460882
2019/05/06, 11094.00, 11138.00, 10594.00, 10744.00, 946283
2019/05/13, 10757.00, 10790.00, 10376.00, 10413.00, 926652
2019/05/20, 10407.00, 10515.00, 10238.00, 10341.00, 851413
2019/05/27, 10352.00, 10493.00, 10216.00, 10455.00, 662870
2019/06/03, 10444.00, 10510.00, 10351.00, 10365.00, 530945
2019/06/10, 10361.00, 10618.00, 10338.00, 10528.00, 561481
2019/06/17, 10521.00, 10800.00, 10460.00, 10586.00, 530800
2019/06/24, 10594.00, 10647.00, 10500.00, 10577.00, 534207
2019/07/01, 10585.00, 10782.00, 10152.00, 10718.00, 460419
2019/07/08, 10712.00, 10833.00, 10630.00, 10811.00, 396221
2019/07/15, 10805.00, 10892.00, 10623.00, 10740.00, 475390
2019/07/22, 10742.00, 10836.00, 10711.00, 10788.00, 415022
2019/07/29, 10786.00, 10837.00, 10440.00, 10469.00, 614823
2019/08/05, 10473.00, 10473.00, 10088.00, 10436.00, 749310
2019/08/12, 10440.00, 10491.00, 10206.00, 10412.00, 803334
2019/08/19, 10404.00, 10564.00, 10390.00, 10497.00, 494950
2019/08/26, 10505.00, 10584.00, 10294.00, 10577.00, 618482
2019/09/02, 10573.00, 10795.00, 10523.00, 10767.00, 513687
2019/09/09, 10776.00, 10870.00, 10723.00, 10824.00, 326280
2019/09/16, 10818.00, 10963.00, 10796.00, 10899.00, 377575
2019/09/23, 10906.00, 10932.00, 10792.00, 10823.00, 502844
2019/10/01, 10834.00, 10964.00, 10769.00, 10877.00, 515619
2019/10/07, 10864.00, 11021.00, 10853.00, 10883.00, 233649
2019/10/14, 10876.00, 11245.00, 10761.00, 11149.00, 458437
2019/10/21, 11143.00, 11328.00, 11125.00, 11283.00, 411706
2019/10/28, 11288.00, 11396.00, 11276.00, 11371.00, 393868
2019/11/04, 11370.00, 11682.00, 11361.00, 11572.00, 551184
2019/11/11, 11571.00, 11602.00, 11413.00, 11532.00, 555657
2019/11/18, 11527.00, 11665.00, 11450.00, 11554.00, 476358
2019/11/25, 11548.00, 11682.00, 11462.00, 11464.00, 492924
2019/12/02, 11467.00, 11670.00, 11423.00, 11611.00, 574644
2019/12/09, 11622.00, 12007.00, 11559.00, 11963.00, 564529
2019/12/16, 11957.00, 12129.00, 11908.00, 11979.00, 512790
2019/12/23, 11977.00, 12111.00, 11958.00, 12097.00, 365556
2019/12/30, 12105.00, 12198.00, 11965.00, 12087.00, 489931
2020/01/06, 12090.00, 12093.00, 11697.00, 12011.00, 791511
2020/01/13, 12013.00, 12200.00, 11991.00, 12071.00, 561021
2020/01/20, 12077.00, 12160.00, 12072.00, 12111.00, 104348
2020/01/30, 11773.00, 11798.00, 11272.00, 11469.00, 443870
2020/02/03, 11458.00, 11744.00, 11153.00, 11589.00, 1079141
2020/02/10, 11612.00, 11852.00, 11402.00, 11810.00, 851851
2020/02/17, 11807.00, 11830.00, 11603.00, 11663.00, 753135
2020/02/24, 11514.00, 11587.00, 11236.00, 11276.00, 895160
2020/03/02, 11301.00, 11501.00, 11008.00, 11269.00, 1378035
2020/03/09, 10998.00, 11109.00, 9451.00, 10027.00, 2212441
2020/03/16, 10034.00, 10346.00, 8268.00, 9041.00, 3331609
2020/03/23, 8601.00, 9911.00, 8555.00, 9579.00, 2215376
2020/03/30, 9610.00, 9718.00, 9265.00, 9555.00, 1018152
2020/04/06, 9505.00, 10197.00, 9422.00, 10133.00, 1378427
2020/04/13, 10130.00, 10669.00, 10031.00, 10563.00, 1054015
2020/04/20, 10542.00, 10568.00, 10061.00, 10268.00, 1355729
2020/04/27, 10285.00, 10971.00, 10265.00, 10947.00, 865017
2020/05/04, 10940.00, 10956.00, 10476.00, 10894.00, 1151479
2020/05/11, 10875.00, 11038.00, 10645.00, 10817.00, 1133232
2020/05/18, 10818.00, 11008.00, 10691.00, 10744.00, 1039954
2020/05/25, 10728.00, 11077.00, 10650.00, 10919.00, 1075975
2020/06/01, 10912.00, 11472.00, 10864.00, 11457.00, 1111481
2020/06/08, 11475.00, 11745.00, 11250.00, 11391.00, 1174616
2020/06/15, 11375.00, 11574.00, 11180.00, 11409.00, 1097443
2020/06/22, 11440.00, 11570.00, 11334.00, 11523.00, 610640
2020/06/29, 11520.00, 11850.00, 11314.00, 11834.00, 923203
2020/07/06, 11865.00, 12222.00, 11850.00, 11995.00, 929617
2020/07/13, 12005.00, 12323.00, 11932.00, 12039.00, 917523
2020/07/20, 12047.00, 12369.00, 11903.00, 12150.00, 1013787
2020/07/27, 12151.00, 12900.00, 12104.00, 12576.00, 1524299
2020/08/03, 12585.00, 12925.00, 12370.00, 12759.00, 1093908
2020/08/10, 12758.00, 12905.00, 12565.00, 12789.00, 977501
2020/08/17, 12792.00, 13029.00, 12066.00, 12551.00, 1060410
2020/08/24, 12563.00, 12925.00, 12464.00, 12688.00, 1056443
2020/08/31, 12685.00, 12858.00, 12476.00, 12607.00, 1243403
2020/09/07, 12607.00, 12736.00, 12433.00, 12663.00, 1270605
2020/09/14, 12657.00, 13018.00, 12582.00, 12833.00, 888721
2020/09/21, 12831.00, 12877.00, 12050.00, 12195.00, 1396000
2020/09/28, 12208.00, 12547.00, 12126.00, 12473.00, 680910
2020/10/05, 12470.00, 12876.00, 12459.00, 12873.00, 745764
2020/10/12, 12891.00, 12995.00, 12719.00, 12748.00, 947488
2020/10/19, 12742.00, 12946.00, 12703.00, 12838.00, 772319
2020/10/26, 12823.00, 12935.00, 12407.00, 12413.00, 1080487
2020/11/02, 12398.00, 12991.00, 12370.00, 12937.00, 1089880
2020/11/09, 12942.00, 13350.00, 12924.00, 13282.00, 1042624
2020/11/16, 13295.00, 13839.00, 13293.00, 13733.00, 889458
2020/11/23, 13733.00, 13943.00, 13662.00, 13878.00, 978082
2020/11/30, 13890.00, 14148.00, 13665.00, 14133.00, 1104769
2020/12/07, 14150.00, 14425.00, 14087.00, 14237.00, 1176709
2020/12/14, 14240.00, 14329.00, 14030.00, 14136.00, 928211
2020/12/21, 14140.00, 14382.00, 14000.00, 14304.00, 1074542
2020/12/28, 14307.00, 14712.00, 14260.00, 14678.00, 596940
2021/01/04, 14675.00, 15473.00, 14630.00, 15451.00, 1361711
2021/01/11, 15460.00, 16061.00, 15335.00, 15632.00, 1529525
2021/01/18, 15642.00, 16183.00, 15326.00, 15977.00, 1470653
2021/01/25, 15952.00, 16004.00, 15062.00, 15070.00, 2033145
2021/02/01, 15130.00, 15985.00, 15035.00, 15802.00, 1753341
2021/02/08, 15802.00, 15818.00, 15736.00, 15802.00, 33173
2021/02/17, 15802.00, 16526.00, 15736.00, 16309.00, 746664
2021/02/22, 16341.00, 16563.00, 15851.00, 15931.00, 1756961
2021/03/02, 15925.00, 16277.00, 15569.00, 15847.00, 1561360
2021/03/08, 15866.00, 16285.00, 15607.00, 16223.00, 1737170
2021/03/15, 16196.00, 16401.00, 15952.00, 16010.00, 1246023
2021/03/22, 16012.00, 16293.00, 15858.00, 16285.00, 1365421
2021/03/29, 16289.00, 16586.00, 16240.00, 16549.00, 989423
2021/04/06, 16575.00, 16977.00, 16564.00, 16839.00, 803029
2021/04/12, 16833.00, 17160.00, 16591.00, 17156.00, 1311509
2021/04/19, 17145.00, 17368.00, 17011.00, 17255.00, 1129859
2021/04/26, 17255.00, 17703.00, 17251.00, 17569.00, 904088
2021/05/03, 17576.00, 17633.00, 16660.00, 17283.00, 1827798
2021/05/10, 17269.00, 17375.00, 15030.00, 15766.00, 2764020
2021/05/17, 15744.00, 16424.00, 15099.00, 16259.00, 2211199
2021/05/24, 16252.00, 16878.00, 16006.00, 16863.00, 1612083
2021/05/31, 16850.00, 17312.00, 16803.00, 17103.00, 1435048
2021/06/07, 17105.00, 17299.00, 16719.00, 17217.00, 1505107
2021/06/15, 17216.00, 17433.00, 17035.00, 17254.00, 829554
2021/06/21, 17257.00, 17562.00, 16890.00, 17423.00, 1382918
2021/06/28, 17419.00, 17774.00, 17398.00, 17649.00, 1264693
2021/07/05, 17652.00, 17974.00, 17526.00, 17661.00, 1328710
2021/07/12, 17702.00, 18045.00, 17702.00, 17924.00, 1362835
2021/07/19, 17906.00, 17951.00, 17232.00, 17406.00, 1454641
2021/07/26, 17411.00, 17487.00, 16735.00, 17174.00, 1603135
2021/08/02, 17172.00, 17588.00, 17160.00, 17439.00, 1298522
2021/08/09, 17448.00, 17478.00, 16933.00, 16936.00, 1343803
2021/08/16, 16948.00, 16962.00, 16049.00, 16188.00, 1679441
2021/08/23, 16223.00, 17219.00, 16195.00, 17172.00, 1366511
2021/08/30, 17194.00, 17553.00, 17144.00, 17508.00, 1300854
2021/09/06, 17485.00, 17595.00, 17084.00, 17473.00, 1457586
2021/09/13, 17461.00, 17568.00, 17165.00, 17294.00, 1103124
2021/09/22, 17298.00, 17305.00, 16752.00, 17248.00, 758072
2021/09/27, 17224.00, 17344.00, 16414.00, 16518.00, 1544822
2021/10/04, 16462.00, 16798.00, 16106.00, 16625.00, 1778289
2021/10/12, 16613.00, 16790.00, 16260.00, 16780.00, 1175647
2021/10/18, 16785.00, 17047.00, 16674.00, 16853.00, 1051483
2021/10/25, 16845.00, 17112.00, 16726.00, 16946.00, 1136299
2021/11/01, 16930.00, 17280.00, 16881.00, 17269.00, 1036225
2021/11/08, 17277.00, 17638.00, 17241.00, 17544.00, 994479
2021/11/15, 17540.00, 17949.00, 17520.00, 17852.00, 777689
2021/11/22, 17843.00, 17888.00, 17306.00, 17342.00, 1038162
2021/11/29, 17324.00, 17775.00, 17064.00, 17706.00, 1550663
2021/12/06, 17707.00, 17988.00, 17527.00, 17818.00, 1170118
2021/12/13, 17824.00, 17943.00, 17500.00, 17785.00, 1001498
2021/12/20, 17784.00, 18035.00, 17495.00, 17957.00, 897655
2021/12/27, 17945.00, 18291.00, 17910.00, 18209.00, 500608
2022/01/03, 18208.00, 18576.00, 18115.00, 18146.00, 1101772
2022/01/10, 18134.00, 18650.00, 18022.00, 18360.00, 1351461
2022/01/17, 18386.00, 18583.00, 17837.00, 17896.00, 1271801
2022/01/24, 17896.00, 17981.00, 17508.00, 17624.00, 1245283
2022/02/07, 17627.00, 18397.00, 17438.00, 18273.00, 1100944
2022/02/14, 18288.00, 18380.00, 17829.00, 18227.00, 1305778
2022/02/21, 18211.00, 18255.00, 17225.00, 17610.00, 1870548
2022/03/01, 17601.00, 17979.00, 17503.00, 17668.00, 1310947
2022/03/07, 17691.00, 17747.00, 16638.00, 17226.00, 2039844
2022/03/14, 17280.00, 17496.00, 16728.00, 17393.00, 1743613
2022/03/21, 17393.00, 17761.00, 17305.00, 17621.00, 1282439
2022/03/28, 17626.00, 17774.00, 17304.00, 17557.00, 1462160
2022/04/06, 17571.00, 17624.00, 17123.00, 17304.00, 852319
2022/04/11, 17329.00, 17383.00, 16906.00, 16980.00, 1445546
2022/04/18, 16973.00, 17222.00, 16814.00, 16992.00, 1172218
2022/04/25, 16998.00, 17013.00, 16160.00, 16581.00, 1820954
2022/05/03, 16599.00, 16776.00, 16266.00, 16356.00, 1226063
2022/05/09, 16336.00, 16418.00, 15526.00, 15850.00, 2003220
2022/05/16, 15836.00, 16318.00, 15749.00, 16136.00, 1448328
2022/05/23, 16123.00, 16263.00, 15835.00, 16229.00, 1799176
2022/05/30, 16252.00, 16755.00, 16225.00, 16533.00, 1189118
2022/06/06, 16561.00, 16704.00, 16350.00, 16474.00, 1382684
2022/06/13, 16460.00, 16512.00, 15093.00, 15202.00, 1698397
2022/06/20, 15156.00, 15415.00, 14803.00, 15053.00, 1884461
2022/06/27, 15040.00, 15399.00, 14128.00, 14175.00, 1914729
2022/07/04, 14200.00, 14485.00, 13830.00, 14332.00, 2043967
2022/07/11, 14336.00, 14542.00, 13850.00, 14479.00, 2014528
2022/07/18, 14452.00, 14908.00, 14410.00, 14755.00, 1358294
2022/07/25, 14775.00, 14990.00, 14582.00, 14940.00, 1514766
2022/08/01, 14934.00, 15020.00, 14461.00, 15011.00, 1427868
2022/08/08, 15013.00, 15332.00, 14832.00, 15274.00, 1200159
2022/08/15, 15274.00, 15463.00, 15224.00, 15354.00, 931961
2022/08/22, 15331.00, 15342.00, 14987.00, 15241.00, 1065882
2022/08/29, 15249.00, 15296.00, 14583.00, 14598.00, 1578812
2022/09/05, 14620.00, 14770.00, 14303.00, 14545.00, 1131041
2022/09/12, 14550.00, 14937.00, 14440.00, 14485.00, 1346000
2022/09/19, 14470.00, 14595.00, 14056.00, 14118.00, 1435316
2022/09/26, 14106.00, 14134.00, 13290.00, 13394.00, 1987696
2022/10/03, 13420.00, 13956.00, 13215.00, 13688.00, 1554095
2022/10/11, 13664.00, 13716.00, 12666.00, 13168.00, 1602018
2022/10/17, 13148.00, 13208.00, 12663.00, 12805.00, 2198204
2022/10/24, 12825.00, 13126.00, 12651.00, 12767.00, 1929798
2022/10/31, 12740.00, 13140.00, 12730.00, 13029.00, 1434613
2022/11/07, 13047.00, 14061.00, 12990.00, 14054.00, 1501645
2022/11/14, 14079.00, 14812.00, 14051.00, 14465.00, 1610112
2022/11/21, 14460.00, 14827.00, 14364.00, 14710.00, 1305954
2022/11/28, 14709.00, 15119.00, 14404.00, 14884.00, 1386412
2022/12/05, 14879.00, 15046.00, 14412.00, 14709.00, 1484063
2022/12/12, 14726.00, 14783.00, 14408.00, 14463.00, 1494443
2022/12/19, 14483.00, 14511.00, 14089.00, 14189.00, 1253617
2022/12/26, 14190.00, 14392.00, 13938.00, 14135.00, 1064472
2023/01/03, 14120.00, 14404.00, 13952.00, 14366.00, 1086128
2023/01/09, 14361.00, 15020.00, 14324.00, 14834.00, 1301388
2023/01/16, 14855.00, 15004.00, 14805.00, 14925.00, 343957
2023/01/30, 14920.00, 15668.00, 14820.00, 15581.00, 999672
2023/02/06, 15577.00, 15742.00, 15307.00, 15577.00, 1347672
2023/02/13, 15587.00, 15740.00, 15338.00, 15436.00, 1199795
2023/02/20, 15434.00, 15699.00, 15306.00, 15541.00, 1142963
2023/03/01, 15539.00, 15670.00, 15333.00, 15615.00, 741026
2023/03/06, 15618.00, 15894.00, 15452.00, 15481.00, 1134484
2023/03/13, 15473.00, 15568.00, 15069.00, 15405.00, 1599114
2023/03/20, 15416.00, 15979.00, 15203.00, 15917.00, 1358391
2023/03/27, 15906.00, 15966.00, 15642.00, 15864.00, 1311525
2023/04/06, 15850.00, 15928.00, 15701.00, 15818.00, 370745
2023/04/10, 15812.00, 16003.00, 15732.00, 15948.00, 994566
2023/04/17, 15946.00, 15980.00, 15602.00, 15614.00, 1041066
2023/04/24, 15611.00, 15670.00, 15287.00, 15572.00, 1113844
2023/05/02, 15568.00, 15696.00, 15488.00, 15642.00, 828378
2023/05/08, 15645.00, 15779.00, 15405.00, 15506.00, 1023064
2023/05/15, 15506.00, 16161.00, 15415.00, 16127.00, 980280
2023/05/22, 16122.00, 16457.00, 15950.00, 16438.00, 989208
2023/05/29, 16458.00, 16738.00, 16395.00, 16711.00, 1199366
2023/06/05, 16721.00, 16800.00, 16657.00, 16683.00, 223770
